{
    "call_sign": "Disaster_City_Survey",
    "position": {
        "latitude": 30.57796004684438,
        "longitude": -96.35100388698041,
        "altitude": 126.2
    },
    "velocity": {
        "airspeed": 21.48,
        "ground_speed": 21.48,
        "verticle_speed": -0.67,
        "units_speed": "MetersPerSecond",
        "track": 177.29
    },
    "time_measured": "2025-01-27T12:06:16Z",
    "battery": {
        "voltage": 11.13,
        "current": 7.67
    },
    "orientation": {
        "pitch": -1.99,
        "roll": -1.53,
        "yaw": 98.15,
        "pitch_rate": 0.87,
        "roll_rate": -0.61,
        "yaw_rate": 0.65
    },
    "airframe": "Quadcopter"
}