{
    "call_sign": "Disaster_City_Survey",
    "position": {
        "latitude": 30.577335627712518,
        "longitude": -96.34980383425744,
        "altitude": 126.62
    },
    "velocity": {
        "airspeed": 21.12,
        "ground_speed": 21.12,
        "verticle_speed": -0.54,
        "units_speed": "MetersPerSecond",
        "track": 311.72
    },
    "time_measured": "2025-01-27T12:07:38Z",
    "battery": {
        "voltage": 12.2,
        "current": 7.14
    },
    "orientation": {
        "pitch": -2.71,
        "roll": 2.86,
        "yaw": 286.13,
        "pitch_rate": -0.05,
        "roll_rate": -0.01,
        "yaw_rate": -0.19
    },
    "airframe": "Quadcopter"
}