{
    "call_sign": "Disaster_City_Survey",
    "position": {
        "latitude": 30.574144105920748,
        "longitude": -96.35260197956977,
        "altitude": 128.18
    },
    "velocity": {
        "airspeed": 15.42,
        "ground_speed": 15.42,
        "verticle_speed": 0.19,
        "units_speed": "MetersPerSecond",
        "track": 12.59
    },
    "time_measured": "2025-01-27T12:03:06Z",
    "battery": {
        "voltage": 12.1,
        "current": 5.49
    },
    "orientation": {
        "pitch": 1.83,
        "roll": 0.15,
        "yaw": 102.28,
        "pitch_rate": -0.9,
        "roll_rate": 0.88,
        "yaw_rate": -0.61
    },
    "airframe": "Quadcopter"
}