{
    "call_sign": "Disaster_City_Survey",
    "position": {
        "latitude": 30.57532662933474,
        "longitude": -96.35223715380756,
        "altitude": 126.95
    },
    "velocity": {
        "airspeed": 15.29,
        "ground_speed": 15.29,
        "verticle_speed": -0.83,
        "units_speed": "MetersPerSecond",
        "track": 196.22
    },
    "time_measured": "2025-01-27T12:07:25Z",
    "battery": {
        "voltage": 11.92,
        "current": 5.35
    },
    "orientation": {
        "pitch": 3.76,
        "roll": -1.98,
        "yaw": 170.9,
        "pitch_rate": -0.23,
        "roll_rate": -0.77,
        "yaw_rate": 0.83
    },
    "airframe": "Quadcopter"
}