{
    "call_sign": "Disaster_City_Survey",
    "position": {
        "latitude": 30.57565403745828,
        "longitude": -96.35209936847177,
        "altitude": 128.63
    },
    "velocity": {
        "airspeed": 15.1,
        "ground_speed": 15.1,
        "verticle_speed": -0.04,
        "units_speed": "MetersPerSecond",
        "track": 226.6
    },
    "time_measured": "2025-01-27T12:01:02Z",
    "battery": {
        "voltage": 11.9,
        "current": 4.72
    },
    "orientation": {
        "pitch": 0.74,
        "roll": -0.8,
        "yaw": 211.46,
        "pitch_rate": 0.89,
        "roll_rate": 0.07,
        "yaw_rate": -1.0
    },
    "airframe": "Quadcopter"
}