{
    "call_sign": "Disaster_City_Survey",
    "position": {
        "latitude": 30.576259796155085,
        "longitude": -96.3509700980536,
        "altitude": 126.36
    },
    "velocity": {
        "airspeed": 15.58,
        "ground_speed": 15.58,
        "verticle_speed": -0.4,
        "units_speed": "MetersPerSecond",
        "track": 71.05
    },
    "time_measured": "2025-01-27T12:01:37Z",
    "battery": {
        "voltage": 11.96,
        "current": 7.15
    },
    "orientation": {
        "pitch": -0.47,
        "roll": -3.28,
        "yaw": 346.46,
        "pitch_rate": -0.25,
        "roll_rate": 0.43,
        "yaw_rate": 0.75
    },
    "airframe": "Quadcopter"
}