{
    "call_sign": "Disaster_City_Survey",
    "position": {
        "latitude": 30.573767731332243,
        "longitude": -96.35196699998016,
        "altitude": 126.94
    },
    "velocity": {
        "airspeed": 15.8,
        "ground_speed": 15.8,
        "verticle_speed": 0.16,
        "units_speed": "MetersPerSecond",
        "track": 348.59
    },
    "time_measured": "2025-01-27T12:04:31Z",
    "battery": {
        "voltage": 11.21,
        "current": 4.95
    },
    "orientation": {
        "pitch": 4.48,
        "roll": 0.17,
        "yaw": 282.54,
        "pitch_rate": -0.33,
        "roll_rate": -0.84,
        "yaw_rate": 0.36
    },
    "airframe": "Quadcopter"
}