{
    "call_sign": "Disaster_City_Survey",
    "position": {
        "latitude": 30.57689764900411,
        "longitude": -96.35039572709258,
        "altitude": 126.67
    },
    "velocity": {
        "airspeed": 23.94,
        "ground_speed": 23.94,
        "verticle_speed": 0.81,
        "units_speed": "MetersPerSecond",
        "track": 111.68
    },
    "time_measured": "2025-01-27T12:07:33Z",
    "battery": {
        "voltage": 12.58,
        "current": 6.36
    },
    "orientation": {
        "pitch": 1.39,
        "roll": 4.88,
        "yaw": 142.82,
        "pitch_rate": -0.62,
        "roll_rate": 0.27,
        "yaw_rate": -0.91
    },
    "airframe": "Quadcopter"
}