{
    "call_sign": "Disaster_City_Survey",
    "position": {
        "latitude": 30.57417656985632,
        "longitude": -96.35280832546933,
        "altitude": 128.43
    },
    "velocity": {
        "airspeed": 17.58,
        "ground_speed": 17.58,
        "verticle_speed": -0.71,
        "units_speed": "MetersPerSecond",
        "track": 120.18
    },
    "time_measured": "2025-01-27T12:02:30Z",
    "battery": {
        "voltage": 11.16,
        "current": 8.8
    },
    "orientation": {
        "pitch": 0.71,
        "roll": 0.37,
        "yaw": 165.35,
        "pitch_rate": 0.84,
        "roll_rate": 0.93,
        "yaw_rate": 0.16
    },
    "airframe": "Quadcopter"
}