{
    "call_sign": "Disaster_City_Survey",
    "position": {
        "latitude": 30.577329372902987,
        "longitude": -96.34809919770814,
        "altitude": 128.24
    },
    "velocity": {
        "airspeed": 17.8,
        "ground_speed": 17.8,
        "verticle_speed": 0.52,
        "units_speed": "MetersPerSecond",
        "track": 94.8
    },
    "time_measured": "2025-01-27T12:04:09Z",
    "battery": {
        "voltage": 11.81,
        "current": 2.53
    },
    "orientation": {
        "pitch": 4.24,
        "roll": -4.95,
        "yaw": 86.75,
        "pitch_rate": -0.67,
        "roll_rate": 0.79,
        "yaw_rate": -0.58
    },
    "airframe": "Quadcopter"
}