{
    "call_sign": "Disaster_City_Survey",
    "position": {
        "latitude": 30.577929850748205,
        "longitude": -96.35101082334619,
        "altitude": 126.75
    },
    "velocity": {
        "airspeed": 22.51,
        "ground_speed": 22.51,
        "verticle_speed": -0.42,
        "units_speed": "MetersPerSecond",
        "track": 307.97
    },
    "time_measured": "2025-01-27T12:06:14Z",
    "battery": {
        "voltage": 11.72,
        "current": 5.98
    },
    "orientation": {
        "pitch": -3.63,
        "roll": 2.87,
        "yaw": 294.44,
        "pitch_rate": 0.88,
        "roll_rate": 0.64,
        "yaw_rate": 1.0
    },
    "airframe": "Quadcopter"
}