{
    "call_sign": "Disaster_City_Survey",
    "position": {
        "latitude": 30.577015358469506,
        "longitude": -96.35093750575157,
        "altitude": 126.86
    },
    "velocity": {
        "airspeed": 15.04,
        "ground_speed": 15.04,
        "verticle_speed": -0.25,
        "units_speed": "MetersPerSecond",
        "track": 184.95
    },
    "time_measured": "2025-01-27T12:06:27Z",
    "battery": {
        "voltage": 11.51,
        "current": 5.57
    },
    "orientation": {
        "pitch": -2.72,
        "roll": 1.36,
        "yaw": 228.63,
        "pitch_rate": 0.5,
        "roll_rate": -0.52,
        "yaw_rate": 0.26
    },
    "airframe": "Quadcopter"
}