{
    "call_sign": "Disaster_City_Survey",
    "position": {
        "latitude": 30.576195205446307,
        "longitude": -96.34851968526952,
        "altitude": 127.69
    },
    "velocity": {
        "airspeed": 20.41,
        "ground_speed": 20.41,
        "verticle_speed": -0.59,
        "units_speed": "MetersPerSecond",
        "track": 252.43
    },
    "time_measured": "2025-01-27T12:05:48Z",
    "battery": {
        "voltage": 11.94,
        "current": 4.86
    },
    "orientation": {
        "pitch": -4.67,
        "roll": 4.97,
        "yaw": 7.37,
        "pitch_rate": -0.73,
        "roll_rate": -0.14,
        "yaw_rate": -0.24
    },
    "airframe": "Quadcopter"
}