{
    "call_sign": "Disaster_City_Survey",
    "position": {
        "latitude": 30.575001084474014,
        "longitude": -96.35244496094666,
        "altitude": 126.1
    },
    "velocity": {
        "airspeed": 22.31,
        "ground_speed": 22.31,
        "verticle_speed": -0.5,
        "units_speed": "MetersPerSecond",
        "track": 96.57
    },
    "time_measured": "2025-01-27T12:01:43Z",
    "battery": {
        "voltage": 11.87,
        "current": 9.1
    },
    "orientation": {
        "pitch": 0.46,
        "roll": -3.48,
        "yaw": 157.71,
        "pitch_rate": -0.11,
        "roll_rate": 0.49,
        "yaw_rate": 0.14
    },
    "airframe": "Quadcopter"
}