{
    "call_sign": "Disaster_City_Survey",
    "position": {
        "latitude": 30.576792482644052,
        "longitude": -96.35038730308703,
        "altitude": 129.37
    },
    "velocity": {
        "airspeed": 23.06,
        "ground_speed": 23.06,
        "verticle_speed": -0.32,
        "units_speed": "MetersPerSecond",
        "track": 40.67
    },
    "time_measured": "2025-01-27T12:01:18Z",
    "battery": {
        "voltage": 12.39,
        "current": 2.09
    },
    "orientation": {
        "pitch": -3.51,
        "roll": 3.05,
        "yaw": 302.42,
        "pitch_rate": 0.43,
        "roll_rate": -0.11,
        "yaw_rate": -0.13
    },
    "airframe": "Quadcopter"
}