{
    "call_sign": "Disaster_City_Survey",
    "position": {
        "latitude": 30.574006261939786,
        "longitude": -96.35242238561057,
        "altitude": 126.22
    },
    "velocity": {
        "airspeed": 15.38,
        "ground_speed": 15.38,
        "verticle_speed": -0.53,
        "units_speed": "MetersPerSecond",
        "track": 261.0
    },
    "time_measured": "2025-01-27T12:03:44Z",
    "battery": {
        "voltage": 12.27,
        "current": 9.34
    },
    "orientation": {
        "pitch": 0.84,
        "roll": 3.45,
        "yaw": 359.65,
        "pitch_rate": 0.96,
        "roll_rate": 0.58,
        "yaw_rate": -0.5
    },
    "airframe": "Quadcopter"
}