{
    "call_sign": "Disaster_City_Survey",
    "position": {
        "latitude": 30.577360824893876,
        "longitude": -96.34808568528791,
        "altitude": 127.69
    },
    "velocity": {
        "airspeed": 15.03,
        "ground_speed": 15.03,
        "verticle_speed": -0.55,
        "units_speed": "MetersPerSecond",
        "track": 52.9
    },
    "time_measured": "2025-01-27T12:04:11Z",
    "battery": {
        "voltage": 12.5,
        "current": 6.82
    },
    "orientation": {
        "pitch": 3.1,
        "roll": 3.87,
        "yaw": 136.29,
        "pitch_rate": 0.89,
        "roll_rate": 0.28,
        "yaw_rate": 0.94
    },
    "airframe": "Quadcopter"
}