{
    "call_sign": "Disaster_City_Survey",
    "position": {
        "latitude": 30.57742562159842,
        "longitude": -96.34966606189839,
        "altitude": 128.86
    },
    "velocity": {
        "airspeed": 19.13,
        "ground_speed": 19.13,
        "verticle_speed": 0.38,
        "units_speed": "MetersPerSecond",
        "track": 252.98
    },
    "time_measured": "2025-01-27T12:01:30Z",
    "battery": {
        "voltage": 12.16,
        "current": 5.44
    },
    "orientation": {
        "pitch": 3.95,
        "roll": 1.67,
        "yaw": 159.14,
        "pitch_rate": -0.58,
        "roll_rate": 0.26,
        "yaw_rate": -0.59
    },
    "airframe": "Quadcopter"
}