{
    "call_sign": "Disaster_City_Survey",
    "position": {
        "latitude": 30.57538375607017,
        "longitude": -96.35223840920482,
        "altitude": 126.66
    },
    "velocity": {
        "airspeed": 20.32,
        "ground_speed": 20.32,
        "verticle_speed": 0.75,
        "units_speed": "MetersPerSecond",
        "track": 14.35
    },
    "time_measured": "2025-01-27T12:01:10Z",
    "battery": {
        "voltage": 11.52,
        "current": 2.59
    },
    "orientation": {
        "pitch": -0.63,
        "roll": -0.83,
        "yaw": 290.85,
        "pitch_rate": 0.72,
        "roll_rate": 0.52,
        "yaw_rate": 0.41
    },
    "airframe": "Quadcopter"
}