{
    "call_sign": "Disaster_City_Survey",
    "position": {
        "latitude": 30.575131817673384,
        "longitude": -96.35240132172936,
        "altitude": 127.06
    },
    "velocity": {
        "airspeed": 23.95,
        "ground_speed": 23.95,
        "verticle_speed": 0.27,
        "units_speed": "MetersPerSecond",
        "track": 314.69
    },
    "time_measured": "2025-01-27T12:01:41Z",
    "battery": {
        "voltage": 11.93,
        "current": 5.53
    },
    "orientation": {
        "pitch": -2.89,
        "roll": 0.4,
        "yaw": 265.1,
        "pitch_rate": -0.37,
        "roll_rate": -0.89,
        "yaw_rate": -0.2
    },
    "airframe": "Quadcopter"
}