{
    "call_sign": "Disaster_City_Survey",
    "position": {
        "latitude": 30.57754471415469,
        "longitude": -96.34914184951725,
        "altitude": 129.06
    },
    "velocity": {
        "airspeed": 15.69,
        "ground_speed": 15.69,
        "verticle_speed": -0.73,
        "units_speed": "MetersPerSecond",
        "track": 220.67
    },
    "time_measured": "2025-01-27T12:02:11Z",
    "battery": {
        "voltage": 11.75,
        "current": 3.26
    },
    "orientation": {
        "pitch": -1.13,
        "roll": 4.22,
        "yaw": 229.85,
        "pitch_rate": -0.4,
        "roll_rate": -0.18,
        "yaw_rate": -0.01
    },
    "airframe": "Quadcopter"
}