{
    "call_sign": "Disaster_City_Survey",
    "position": {
        "latitude": 30.577021416663353,
        "longitude": -96.35098876752625,
        "altitude": 127.39
    },
    "velocity": {
        "airspeed": 23.87,
        "ground_speed": 23.87,
        "verticle_speed": 0.14,
        "units_speed": "MetersPerSecond",
        "track": 217.11
    },
    "time_measured": "2025-01-27T12:06:24Z",
    "battery": {
        "voltage": 11.6,
        "current": 3.02
    },
    "orientation": {
        "pitch": 4.74,
        "roll": -1.28,
        "yaw": 75.48,
        "pitch_rate": 0.49,
        "roll_rate": -0.66,
        "yaw_rate": -0.85
    },
    "airframe": "Quadcopter"
}