{
    "call_sign": "Disaster_City_Survey",
    "position": {
        "latitude": 30.57744073208716,
        "longitude": -96.34841106676112,
        "altitude": 125.89
    },
    "velocity": {
        "airspeed": 19.96,
        "ground_speed": 19.96,
        "verticle_speed": -0.56,
        "units_speed": "MetersPerSecond",
        "track": 153.62
    },
    "time_measured": "2025-01-27T12:03:35Z",
    "battery": {
        "voltage": 12.11,
        "current": 6.8
    },
    "orientation": {
        "pitch": -3.89,
        "roll": -3.71,
        "yaw": 314.15,
        "pitch_rate": 0.5,
        "roll_rate": -0.0,
        "yaw_rate": 0.18
    },
    "airframe": "Quadcopter"
}