{
    "call_sign": "Disaster_City_Survey",
    "position": {
        "latitude": 30.57477697523717,
        "longitude": -96.3512537587632,
        "altitude": 129.23
    },
    "velocity": {
        "airspeed": 16.89,
        "ground_speed": 16.89,
        "verticle_speed": 0.95,
        "units_speed": "MetersPerSecond",
        "track": 123.87
    },
    "time_measured": "2025-01-27T12:03:56Z",
    "battery": {
        "voltage": 11.71,
        "current": 8.32
    },
    "orientation": {
        "pitch": -3.42,
        "roll": 2.95,
        "yaw": 317.49,
        "pitch_rate": -0.25,
        "roll_rate": 0.11,
        "yaw_rate": -0.23
    },
    "airframe": "Quadcopter"
}