{
    "call_sign": "Disaster_City_Survey",
    "position": {
        "latitude": 30.57683425580835,
        "longitude": -96.35016845289968,
        "altitude": 126.98
    },
    "velocity": {
        "airspeed": 16.39,
        "ground_speed": 16.39,
        "verticle_speed": -0.75,
        "units_speed": "MetersPerSecond",
        "track": 99.6
    },
    "time_measured": "2025-01-27T12:01:58Z",
    "battery": {
        "voltage": 12.34,
        "current": 5.44
    },
    "orientation": {
        "pitch": 4.56,
        "roll": 4.01,
        "yaw": 5.92,
        "pitch_rate": 0.52,
        "roll_rate": -0.49,
        "yaw_rate": -0.38
    },
    "airframe": "Quadcopter"
}