{
    "call_sign": "Disaster_City_Survey",
    "position": {
        "latitude": 30.577446726989812,
        "longitude": -96.3500939662126,
        "altitude": 128.28
    },
    "velocity": {
        "airspeed": 23.24,
        "ground_speed": 23.24,
        "verticle_speed": 0.48,
        "units_speed": "MetersPerSecond",
        "track": 209.78
    },
    "time_measured": "2025-01-27T12:00:50Z",
    "battery": {
        "voltage": 11.64,
        "current": 8.01
    },
    "orientation": {
        "pitch": -0.4,
        "roll": 0.72,
        "yaw": 324.96,
        "pitch_rate": -0.63,
        "roll_rate": -0.19,
        "yaw_rate": 0.76
    },
    "airframe": "Quadcopter"
}