{
    "call_sign": "Disaster_City_Survey",
    "position": {
        "latitude": 30.577466092352,
        "longitude": -96.34838717851098,
        "altitude": 129.07
    },
    "velocity": {
        "airspeed": 21.45,
        "ground_speed": 21.45,
        "verticle_speed": -0.03,
        "units_speed": "MetersPerSecond",
        "track": 123.08
    },
    "time_measured": "2025-01-27T12:03:33Z",
    "battery": {
        "voltage": 11.96,
        "current": 4.46
    },
    "orientation": {
        "pitch": -2.69,
        "roll": 0.03,
        "yaw": 279.52,
        "pitch_rate": 0.19,
        "roll_rate": -0.76,
        "yaw_rate": -0.88
    },
    "airframe": "Quadcopter"
}