{
    "call_sign": "Disaster_City_Survey",
    "position": {
        "latitude": 30.57734303663398,
        "longitude": -96.35012896695666,
        "altitude": 128.63
    },
    "velocity": {
        "airspeed": 22.21,
        "ground_speed": 22.21,
        "verticle_speed": 0.59,
        "units_speed": "MetersPerSecond",
        "track": 207.39
    },
    "time_measured": "2025-01-27T12:07:04Z",
    "battery": {
        "voltage": 11.47,
        "current": 8.52
    },
    "orientation": {
        "pitch": -2.17,
        "roll": 5.0,
        "yaw": 135.6,
        "pitch_rate": -0.52,
        "roll_rate": -0.88,
        "yaw_rate": 0.98
    },
    "airframe": "Quadcopter"
}