{
    "call_sign": "Disaster_City_Survey",
    "position": {
        "latitude": 30.57712425782492,
        "longitude": -96.3479082742146,
        "altitude": 127.86
    },
    "velocity": {
        "airspeed": 15.51,
        "ground_speed": 15.51,
        "verticle_speed": -0.64,
        "units_speed": "MetersPerSecond",
        "track": 223.54
    },
    "time_measured": "2025-01-27T12:04:55Z",
    "battery": {
        "voltage": 12.14,
        "current": 7.2
    },
    "orientation": {
        "pitch": -2.68,
        "roll": -1.01,
        "yaw": 287.86,
        "pitch_rate": -0.36,
        "roll_rate": -0.94,
        "yaw_rate": 0.57
    },
    "airframe": "Quadcopter"
}