{
    "call_sign": "Disaster_City_Survey",
    "position": {
        "latitude": 30.577417684526168,
        "longitude": -96.34962674542668,
        "altitude": 127.46
    },
    "velocity": {
        "airspeed": 17.57,
        "ground_speed": 17.57,
        "verticle_speed": -0.76,
        "units_speed": "MetersPerSecond",
        "track": 252.72
    },
    "time_measured": "2025-01-27T12:07:44Z",
    "battery": {
        "voltage": 11.72,
        "current": 5.23
    },
    "orientation": {
        "pitch": -2.05,
        "roll": -4.72,
        "yaw": 137.33,
        "pitch_rate": -0.49,
        "roll_rate": 0.41,
        "yaw_rate": -0.88
    },
    "airframe": "Quadcopter"
}