{
    "call_sign": "Disaster_City_Survey",
    "position": {
        "latitude": 30.577399718349813,
        "longitude": -96.35029256931556,
        "altitude": 128.15
    },
    "velocity": {
        "airspeed": 17.29,
        "ground_speed": 17.29,
        "verticle_speed": 0.53,
        "units_speed": "MetersPerSecond",
        "track": 46.68
    },
    "time_measured": "2025-01-27T12:06:58Z",
    "battery": {
        "voltage": 11.79,
        "current": 2.71
    },
    "orientation": {
        "pitch": 0.0,
        "roll": -4.21,
        "yaw": 57.74,
        "pitch_rate": 0.08,
        "roll_rate": 0.72,
        "yaw_rate": 0.27
    },
    "airframe": "Quadcopter"
}