{
    "call_sign": "Disaster_City_Survey",
    "position": {
        "latitude": 30.57665562548511,
        "longitude": -96.34784705842029,
        "altitude": 126.8
    },
    "velocity": {
        "airspeed": 23.77,
        "ground_speed": 23.77,
        "verticle_speed": 0.78,
        "units_speed": "MetersPerSecond",
        "track": 171.9
    },
    "time_measured": "2025-01-27T12:05:55Z",
    "battery": {
        "voltage": 12.57,
        "current": 6.33
    },
    "orientation": {
        "pitch": -2.81,
        "roll": -1.93,
        "yaw": 18.61,
        "pitch_rate": 0.39,
        "roll_rate": 0.21,
        "yaw_rate": -0.29
    },
    "airframe": "Quadcopter"
}