{
    "call_sign": "Disaster_City_Survey",
    "position": {
        "latitude": 30.577495248855914,
        "longitude": -96.34967549401847,
        "altitude": 126.34
    },
    "velocity": {
        "airspeed": 23.79,
        "ground_speed": 23.79,
        "verticle_speed": -0.15,
        "units_speed": "MetersPerSecond",
        "track": 346.05
    },
    "time_measured": "2025-01-27T12:01:26Z",
    "battery": {
        "voltage": 11.12,
        "current": 9.28
    },
    "orientation": {
        "pitch": 3.04,
        "roll": -3.98,
        "yaw": 139.41,
        "pitch_rate": -0.09,
        "roll_rate": -0.48,
        "yaw_rate": -0.72
    },
    "airframe": "Quadcopter"
}