{
    "call_sign": "Disaster_City_Survey",
    "position": {
        "latitude": 30.575296052914,
        "longitude": -96.35224925280941,
        "altitude": 129.18
    },
    "velocity": {
        "airspeed": 18.5,
        "ground_speed": 18.5,
        "verticle_speed": 0.19,
        "units_speed": "MetersPerSecond",
        "track": 298.61
    },
    "time_measured": "2025-01-27T12:01:12Z",
    "battery": {
        "voltage": 11.79,
        "current": 6.7
    },
    "orientation": {
        "pitch": 3.52,
        "roll": 0.32,
        "yaw": 221.17,
        "pitch_rate": 0.27,
        "roll_rate": 0.67,
        "yaw_rate": -0.49
    },
    "airframe": "Quadcopter"
}