{
    "call_sign": "Disaster_City_Survey",
    "position": {
        "latitude": 30.573590021417342,
        "longitude": -96.35177680985448,
        "altitude": 128.5
    },
    "velocity": {
        "airspeed": 16.23,
        "ground_speed": 16.23,
        "verticle_speed": 0.6,
        "units_speed": "MetersPerSecond",
        "track": 188.07
    },
    "time_measured": "2025-01-27T12:05:15Z",
    "battery": {
        "voltage": 12.55,
        "current": 6.26
    },
    "orientation": {
        "pitch": -3.85,
        "roll": 0.87,
        "yaw": 218.84,
        "pitch_rate": 0.12,
        "roll_rate": -0.21,
        "yaw_rate": -0.51
    },
    "airframe": "Quadcopter"
}