{
    "call_sign": "Disaster_City_Survey",
    "position": {
        "latitude": 30.575683867385543,
        "longitude": -96.35198500806838,
        "altitude": 126.9
    },
    "velocity": {
        "airspeed": 24.21,
        "ground_speed": 24.21,
        "verticle_speed": 0.89,
        "units_speed": "MetersPerSecond",
        "track": 178.29
    },
    "time_measured": "2025-01-27T12:01:00Z",
    "battery": {
        "voltage": 11.9,
        "current": 5.73
    },
    "orientation": {
        "pitch": 4.81,
        "roll": 3.0,
        "yaw": 343.07,
        "pitch_rate": -0.41,
        "roll_rate": 0.72,
        "yaw_rate": 0.65
    },
    "airframe": "Quadcopter"
}