{
    "call_sign": "Disaster_City_Survey",
    "position": {
        "latitude": 30.577973908570073,
        "longitude": -96.35100966524328,
        "altitude": 116.54
    },
    "velocity": {
        "airspeed": 15.87,
        "ground_speed": 15.87,
        "verticle_speed": -0.53,
        "units_speed": "MetersPerSecond",
        "track": 337.37
    },
    "time_measured": "2025-01-27T12:00:03Z",
    "battery": {
        "voltage": 12.49,
        "current": 9.99
    },
    "orientation": {
        "pitch": 2.1,
        "roll": 1.69,
        "yaw": 176.59,
        "pitch_rate": -0.25,
        "roll_rate": -0.13,
        "yaw_rate": -0.32
    },
    "airframe": "Quadcopter"
}