{
    "call_sign": "Disaster_City_Survey",
    "position": {
        "latitude": 30.577482844583546,
        "longitude": -96.34840697419789,
        "altitude": 127.7
    },
    "velocity": {
        "airspeed": 23.69,
        "ground_speed": 23.69,
        "verticle_speed": -0.0,
        "units_speed": "MetersPerSecond",
        "track": 348.21
    },
    "time_measured": "2025-01-27T12:03:32Z",
    "battery": {
        "voltage": 11.43,
        "current": 2.58
    },
    "orientation": {
        "pitch": -2.89,
        "roll": 4.1,
        "yaw": 217.98,
        "pitch_rate": 0.08,
        "roll_rate": -0.48,
        "yaw_rate": 0.04
    },
    "airframe": "Quadcopter"
}