{
    "call_sign": "Disaster_City_Survey",
    "position": {
        "latitude": 30.57735706914318,
        "longitude": -96.35033976508609,
        "altitude": 127.88
    },
    "velocity": {
        "airspeed": 15.81,
        "ground_speed": 15.81,
        "verticle_speed": -0.81,
        "units_speed": "MetersPerSecond",
        "track": 39.35
    },
    "time_measured": "2025-01-27T12:00:43Z",
    "battery": {
        "voltage": 11.22,
        "current": 9.56
    },
    "orientation": {
        "pitch": 0.75,
        "roll": 3.84,
        "yaw": 188.19,
        "pitch_rate": -0.85,
        "roll_rate": 0.66,
        "yaw_rate": 0.91
    },
    "airframe": "Quadcopter"
}