{
    "call_sign": "Disaster_City_Survey",
    "position": {
        "latitude": 30.575071489575134,
        "longitude": -96.35239911689179,
        "altitude": 127.1
    },
    "velocity": {
        "airspeed": 15.79,
        "ground_speed": 15.79,
        "verticle_speed": -0.76,
        "units_speed": "MetersPerSecond",
        "track": 179.4
    },
    "time_measured": "2025-01-27T12:07:58Z",
    "battery": {
        "voltage": 11.72,
        "current": 8.95
    },
    "orientation": {
        "pitch": 2.31,
        "roll": -0.96,
        "yaw": 128.95,
        "pitch_rate": 0.86,
        "roll_rate": -0.36,
        "yaw_rate": 0.44
    },
    "airframe": "Quadcopter"
}