{
    "call_sign": "Disaster_City_Survey",
    "position": {
        "latitude": 30.574682159413076,
        "longitude": -96.35244719324777,
        "altitude": 128.5
    },
    "velocity": {
        "airspeed": 24.54,
        "ground_speed": 24.54,
        "verticle_speed": -0.07,
        "units_speed": "MetersPerSecond",
        "track": 129.57
    },
    "time_measured": "2025-01-27T12:08:04Z",
    "battery": {
        "voltage": 11.3,
        "current": 2.39
    },
    "orientation": {
        "pitch": -2.64,
        "roll": -4.08,
        "yaw": 270.6,
        "pitch_rate": 0.41,
        "roll_rate": 0.07,
        "yaw_rate": 0.27
    },
    "airframe": "Quadcopter"
}