{
    "call_sign": "Disaster_City_Survey",
    "position": {
        "latitude": 30.57694325574693,
        "longitude": -96.35069461165119,
        "altitude": 128.15
    },
    "velocity": {
        "airspeed": 16.6,
        "ground_speed": 16.6,
        "verticle_speed": 0.96,
        "units_speed": "MetersPerSecond",
        "track": 186.94
    },
    "time_measured": "2025-01-27T12:00:56Z",
    "battery": {
        "voltage": 11.63,
        "current": 7.07
    },
    "orientation": {
        "pitch": -0.37,
        "roll": -2.62,
        "yaw": 348.35,
        "pitch_rate": 0.57,
        "roll_rate": -0.07,
        "yaw_rate": 0.06
    },
    "airframe": "Quadcopter"
}