{
    "call_sign": "Disaster_City_Survey",
    "position": {
        "latitude": 30.574079223807153,
        "longitude": -96.35263841499324,
        "altitude": 125.28
    },
    "velocity": {
        "airspeed": 20.5,
        "ground_speed": 20.5,
        "verticle_speed": -0.09,
        "units_speed": "MetersPerSecond",
        "track": 185.88
    },
    "time_measured": "2025-01-27T12:03:03Z",
    "battery": {
        "voltage": 12.22,
        "current": 7.64
    },
    "orientation": {
        "pitch": -1.94,
        "roll": 2.4,
        "yaw": 303.06,
        "pitch_rate": 0.12,
        "roll_rate": 0.82,
        "yaw_rate": -0.41
    },
    "airframe": "Quadcopter"
}