{
    "call_sign": "Disaster_City_Survey",
    "position": {
        "latitude": 30.577423542978504,
        "longitude": -96.3504068179487,
        "altitude": 126.35
    },
    "velocity": {
        "airspeed": 16.69,
        "ground_speed": 16.69,
        "verticle_speed": 0.1,
        "units_speed": "MetersPerSecond",
        "track": 281.23
    },
    "time_measured": "2025-01-27T12:06:57Z",
    "battery": {
        "voltage": 12.07,
        "current": 4.67
    },
    "orientation": {
        "pitch": 3.66,
        "roll": 3.81,
        "yaw": 63.86,
        "pitch_rate": 0.01,
        "roll_rate": -0.33,
        "yaw_rate": 0.11
    },
    "airframe": "Quadcopter"
}