{
    "call_sign": "Disaster_City_Survey",
    "position": {
        "latitude": 30.577225244492578,
        "longitude": -96.34803547780825,
        "altitude": 128.33
    },
    "velocity": {
        "airspeed": 20.42,
        "ground_speed": 20.42,
        "verticle_speed": -0.84,
        "units_speed": "MetersPerSecond",
        "track": 71.83
    },
    "time_measured": "2025-01-27T12:04:40Z",
    "battery": {
        "voltage": 12.23,
        "current": 7.0
    },
    "orientation": {
        "pitch": 0.65,
        "roll": 1.21,
        "yaw": 287.28,
        "pitch_rate": 0.7,
        "roll_rate": 0.6,
        "yaw_rate": -0.49
    },
    "airframe": "Quadcopter"
}