{
    "call_sign": "Disaster_City_Survey",
    "position": {
        "latitude": 30.576897870985828,
        "longitude": -96.34758605353066,
        "altitude": 127.97
    },
    "velocity": {
        "airspeed": 22.47,
        "ground_speed": 22.47,
        "verticle_speed": -0.11,
        "units_speed": "MetersPerSecond",
        "track": 239.4
    },
    "time_measured": "2025-01-27T12:06:02Z",
    "battery": {
        "voltage": 12.2,
        "current": 7.49
    },
    "orientation": {
        "pitch": -2.04,
        "roll": 2.11,
        "yaw": 298.52,
        "pitch_rate": 0.13,
        "roll_rate": -0.07,
        "yaw_rate": 0.64
    },
    "airframe": "Quadcopter"
}