{
    "call_sign": "Disaster_City_Survey",
    "position": {
        "latitude": 30.576546780225467,
        "longitude": -96.3510820564132,
        "altitude": 127.23
    },
    "velocity": {
        "airspeed": 21.97,
        "ground_speed": 21.97,
        "verticle_speed": -0.82,
        "units_speed": "MetersPerSecond",
        "track": 17.37
    },
    "time_measured": "2025-01-27T12:07:12Z",
    "battery": {
        "voltage": 12.19,
        "current": 7.56
    },
    "orientation": {
        "pitch": -2.79,
        "roll": -2.96,
        "yaw": 155.16,
        "pitch_rate": -0.43,
        "roll_rate": -0.92,
        "yaw_rate": -0.28
    },
    "airframe": "Quadcopter"
}