{
    "call_sign": "Disaster_City_Survey",
    "position": {
        "latitude": 30.574727292638126,
        "longitude": -96.35100881200816,
        "altitude": 127.03
    },
    "velocity": {
        "airspeed": 22.09,
        "ground_speed": 22.09,
        "verticle_speed": -0.99,
        "units_speed": "MetersPerSecond",
        "track": 81.73
    },
    "time_measured": "2025-01-27T12:04:36Z",
    "battery": {
        "voltage": 11.17,
        "current": 5.59
    },
    "orientation": {
        "pitch": 0.75,
        "roll": -3.41,
        "yaw": 77.05,
        "pitch_rate": -0.79,
        "roll_rate": 0.69,
        "yaw_rate": -0.52
    },
    "airframe": "Quadcopter"
}