{
    "call_sign": "Disaster_City_Survey",
    "position": {
        "latitude": 30.577909614160042,
        "longitude": -96.35093624617798,
        "altitude": 95.17
    },
    "velocity": {
        "airspeed": 19.94,
        "ground_speed": 19.94,
        "verticle_speed": -0.4,
        "units_speed": "MetersPerSecond",
        "track": 162.56
    },
    "time_measured": "2025-01-27T12:00:01Z",
    "battery": {
        "voltage": 12.09,
        "current": 3.12
    },
    "orientation": {
        "pitch": -2.84,
        "roll": 1.81,
        "yaw": 6.27,
        "pitch_rate": -0.98,
        "roll_rate": -0.49,
        "yaw_rate": -0.96
    },
    "airframe": "Quadcopter"
}