{
    "call_sign": "Disaster_City_Survey",
    "position": {
        "latitude": 30.577238083921912,
        "longitude": -96.34785344360495,
        "altitude": 126.94
    },
    "velocity": {
        "airspeed": 18.96,
        "ground_speed": 18.96,
        "verticle_speed": 0.15,
        "units_speed": "MetersPerSecond",
        "track": 233.31
    },
    "time_measured": "2025-01-27T12:04:51Z",
    "battery": {
        "voltage": 11.82,
        "current": 5.84
    },
    "orientation": {
        "pitch": 0.46,
        "roll": 0.9,
        "yaw": 349.93,
        "pitch_rate": 0.57,
        "roll_rate": 0.3,
        "yaw_rate": -0.99
    },
    "airframe": "Quadcopter"
}