{
    "call_sign": "Disaster_City_Survey",
    "position": {
        "latitude": 30.577501755043972,
        "longitude": -96.34893709515619,
        "altitude": 126.91
    },
    "velocity": {
        "airspeed": 22.96,
        "ground_speed": 22.96,
        "verticle_speed": 0.77,
        "units_speed": "MetersPerSecond",
        "track": 216.43
    },
    "time_measured": "2025-01-27T12:02:41Z",
    "battery": {
        "voltage": 11.33,
        "current": 6.33
    },
    "orientation": {
        "pitch": -2.68,
        "roll": -4.24,
        "yaw": 247.49,
        "pitch_rate": 0.69,
        "roll_rate": -0.14,
        "yaw_rate": -0.72
    },
    "airframe": "Quadcopter"
}