{
    "call_sign": "Disaster_City_Survey",
    "position": {
        "latitude": 30.57716027769096,
        "longitude": -96.3476754254212,
        "altitude": 126.91
    },
    "velocity": {
        "airspeed": 21.77,
        "ground_speed": 21.77,
        "verticle_speed": 0.29,
        "units_speed": "MetersPerSecond",
        "track": 43.76
    },
    "time_measured": "2025-01-27T12:05:21Z",
    "battery": {
        "voltage": 12.25,
        "current": 5.43
    },
    "orientation": {
        "pitch": 1.44,
        "roll": -1.43,
        "yaw": 309.15,
        "pitch_rate": 0.58,
        "roll_rate": -0.0,
        "yaw_rate": -0.72
    },
    "airframe": "Quadcopter"
}