{
    "call_sign": "Disaster_City_Survey",
    "position": {
        "latitude": 30.577205175892704,
        "longitude": -96.34787721297275,
        "altitude": 126.17
    },
    "velocity": {
        "airspeed": 18.78,
        "ground_speed": 18.78,
        "verticle_speed": 0.38,
        "units_speed": "MetersPerSecond",
        "track": 355.84
    },
    "time_measured": "2025-01-27T12:04:50Z",
    "battery": {
        "voltage": 11.26,
        "current": 4.51
    },
    "orientation": {
        "pitch": 2.62,
        "roll": -2.27,
        "yaw": 42.44,
        "pitch_rate": 0.05,
        "roll_rate": -0.8,
        "yaw_rate": -0.36
    },
    "airframe": "Quadcopter"
}