{
    "call_sign": "Disaster_City_Survey",
    "position": {
        "latitude": 30.577105939746527,
        "longitude": -96.34763198719953,
        "altitude": 127.8
    },
    "velocity": {
        "airspeed": 20.66,
        "ground_speed": 20.66,
        "verticle_speed": 0.43,
        "units_speed": "MetersPerSecond",
        "track": 70.64
    },
    "time_measured": "2025-01-27T12:05:33Z",
    "battery": {
        "voltage": 11.75,
        "current": 8.88
    },
    "orientation": {
        "pitch": -0.25,
        "roll": -3.59,
        "yaw": 66.26,
        "pitch_rate": 0.31,
        "roll_rate": 0.18,
        "yaw_rate": 0.87
    },
    "airframe": "Quadcopter"
}