{
    "call_sign": "Disaster_City_Survey",
    "position": {
        "latitude": 30.576315813746582,
        "longitude": -96.3510457322627,
        "altitude": 129.28
    },
    "velocity": {
        "airspeed": 21.4,
        "ground_speed": 21.4,
        "verticle_speed": -0.74,
        "units_speed": "MetersPerSecond",
        "track": 91.06
    },
    "time_measured": "2025-01-27T12:01:17Z",
    "battery": {
        "voltage": 12.17,
        "current": 5.32
    },
    "orientation": {
        "pitch": 0.58,
        "roll": 2.21,
        "yaw": 305.22,
        "pitch_rate": 0.64,
        "roll_rate": -0.36,
        "yaw_rate": -0.69
    },
    "airframe": "Quadcopter"
}