{
    "call_sign": "Disaster_City_Survey",
    "position": {
        "latitude": 30.576195672049096,
        "longitude": -96.35191462626855,
        "altitude": 128.51
    },
    "velocity": {
        "airspeed": 22.04,
        "ground_speed": 22.04,
        "verticle_speed": 0.71,
        "units_speed": "MetersPerSecond",
        "track": 234.97
    },
    "time_measured": "2025-01-27T12:06:38Z",
    "battery": {
        "voltage": 12.27,
        "current": 5.51
    },
    "orientation": {
        "pitch": -1.82,
        "roll": 3.59,
        "yaw": 33.37,
        "pitch_rate": -0.2,
        "roll_rate": 0.36,
        "yaw_rate": 0.41
    },
    "airframe": "Quadcopter"
}