{
    "call_sign": "Disaster_City_Survey",
    "position": {
        "latitude": 30.574187069849575,
        "longitude": -96.3526164127944,
        "altitude": 130.49
    },
    "velocity": {
        "airspeed": 15.95,
        "ground_speed": 15.95,
        "verticle_speed": -0.47,
        "units_speed": "MetersPerSecond",
        "track": 152.07
    },
    "time_measured": "2025-01-27T12:03:05Z",
    "battery": {
        "voltage": 11.24,
        "current": 7.39
    },
    "orientation": {
        "pitch": 1.3,
        "roll": 1.83,
        "yaw": 126.21,
        "pitch_rate": 0.71,
        "roll_rate": -0.74,
        "yaw_rate": -0.16
    },
    "airframe": "Quadcopter"
}