{
    "call_sign": "Disaster_City_Survey",
    "position": {
        "latitude": 30.57550486296972,
        "longitude": -96.3522343264754,
        "altitude": 126.75
    },
    "velocity": {
        "airspeed": 23.95,
        "ground_speed": 23.95,
        "verticle_speed": -0.96,
        "units_speed": "MetersPerSecond",
        "track": 165.26
    },
    "time_measured": "2025-01-27T12:07:23Z",
    "battery": {
        "voltage": 12.42,
        "current": 5.68
    },
    "orientation": {
        "pitch": -2.84,
        "roll": -4.02,
        "yaw": 318.85,
        "pitch_rate": -0.41,
        "roll_rate": -0.55,
        "yaw_rate": 0.51
    },
    "airframe": "Quadcopter"
}