{
    "call_sign": "Disaster_City_Survey",
    "position": {
        "latitude": 30.577563260614113,
        "longitude": -96.34863683929754,
        "altitude": 127.63
    },
    "velocity": {
        "airspeed": 15.8,
        "ground_speed": 15.8,
        "verticle_speed": -0.53,
        "units_speed": "MetersPerSecond",
        "track": 82.88
    },
    "time_measured": "2025-01-27T12:02:49Z",
    "battery": {
        "voltage": 12.5,
        "current": 5.2
    },
    "orientation": {
        "pitch": -1.33,
        "roll": 4.74,
        "yaw": 132.5,
        "pitch_rate": 0.94,
        "roll_rate": 0.16,
        "yaw_rate": -0.59
    },
    "airframe": "Quadcopter"
}