{
    "call_sign": "Disaster_City_Survey",
    "position": {
        "latitude": 30.576268737876806,
        "longitude": -96.35177528266271,
        "altitude": 126.36
    },
    "velocity": {
        "airspeed": 17.13,
        "ground_speed": 17.13,
        "verticle_speed": 0.92,
        "units_speed": "MetersPerSecond",
        "track": 225.14
    },
    "time_measured": "2025-01-27T12:00:24Z",
    "battery": {
        "voltage": 12.06,
        "current": 9.01
    },
    "orientation": {
        "pitch": 1.65,
        "roll": -2.74,
        "yaw": 299.28,
        "pitch_rate": 0.5,
        "roll_rate": 0.11,
        "yaw_rate": 0.35
    },
    "airframe": "Quadcopter"
}