{
    "call_sign": "Disaster_City_Survey",
    "position": {
        "latitude": 30.5773405751092,
        "longitude": -96.3498653624319,
        "altitude": 129.58
    },
    "velocity": {
        "airspeed": 18.42,
        "ground_speed": 18.42,
        "verticle_speed": -0.39,
        "units_speed": "MetersPerSecond",
        "track": 11.96
    },
    "time_measured": "2025-01-27T12:01:20Z",
    "battery": {
        "voltage": 11.93,
        "current": 8.47
    },
    "orientation": {
        "pitch": -0.21,
        "roll": -1.1,
        "yaw": 160.0,
        "pitch_rate": -0.04,
        "roll_rate": -0.61,
        "yaw_rate": -0.4
    },
    "airframe": "Quadcopter"
}