{
    "call_sign": "Disaster_City_Survey",
    "position": {
        "latitude": 30.573869372117084,
        "longitude": -96.3521524582408,
        "altitude": 128.72
    },
    "velocity": {
        "airspeed": 22.18,
        "ground_speed": 22.18,
        "verticle_speed": -0.12,
        "units_speed": "MetersPerSecond",
        "track": 317.54
    },
    "time_measured": "2025-01-27T12:04:19Z",
    "battery": {
        "voltage": 11.2,
        "current": 7.43
    },
    "orientation": {
        "pitch": 4.72,
        "roll": -4.76,
        "yaw": 101.58,
        "pitch_rate": -0.36,
        "roll_rate": 0.14,
        "yaw_rate": 0.91
    },
    "airframe": "Quadcopter"
}