{
    "call_sign": "Disaster_City_Survey",
    "position": {
        "latitude": 30.574293034109395,
        "longitude": -96.35261013711492,
        "altitude": 127.88
    },
    "velocity": {
        "airspeed": 21.89,
        "ground_speed": 21.89,
        "verticle_speed": 0.57,
        "units_speed": "MetersPerSecond",
        "track": 198.54
    },
    "time_measured": "2025-01-27T12:02:32Z",
    "battery": {
        "voltage": 11.76,
        "current": 4.92
    },
    "orientation": {
        "pitch": 1.48,
        "roll": 4.71,
        "yaw": 5.59,
        "pitch_rate": 0.15,
        "roll_rate": 0.7,
        "yaw_rate": -0.8
    },
    "airframe": "Quadcopter"
}