{
    "call_sign": "Disaster_City_Survey",
    "position": {
        "latitude": 30.57563043686729,
        "longitude": -96.35214176642192,
        "altitude": 126.51
    },
    "velocity": {
        "airspeed": 17.94,
        "ground_speed": 17.94,
        "verticle_speed": -0.49,
        "units_speed": "MetersPerSecond",
        "track": 132.11
    },
    "time_measured": "2025-01-27T12:07:17Z",
    "battery": {
        "voltage": 12.05,
        "current": 9.99
    },
    "orientation": {
        "pitch": -0.12,
        "roll": -1.91,
        "yaw": 332.55,
        "pitch_rate": -0.16,
        "roll_rate": -0.62,
        "yaw_rate": -0.62
    },
    "airframe": "Quadcopter"
}