{
    "call_sign": "Disaster_City_Survey",
    "position": {
        "latitude": 30.575690580074028,
        "longitude": -96.35203170524926,
        "altitude": 127.17
    },
    "velocity": {
        "airspeed": 15.95,
        "ground_speed": 15.95,
        "verticle_speed": 0.89,
        "units_speed": "MetersPerSecond",
        "track": 236.79
    },
    "time_measured": "2025-01-27T12:00:59Z",
    "battery": {
        "voltage": 11.55,
        "current": 3.25
    },
    "orientation": {
        "pitch": -4.8,
        "roll": -2.23,
        "yaw": 144.1,
        "pitch_rate": 0.06,
        "roll_rate": -0.17,
        "yaw_rate": 0.88
    },
    "airframe": "Quadcopter"
}