{
    "call_sign": "Disaster_City_Survey",
    "position": {
        "latitude": 30.576023864048146,
        "longitude": -96.3518861616919,
        "altitude": 128.79
    },
    "velocity": {
        "airspeed": 18.29,
        "ground_speed": 18.29,
        "verticle_speed": 0.48,
        "units_speed": "MetersPerSecond",
        "track": 124.12
    },
    "time_measured": "2025-01-27T12:06:49Z",
    "battery": {
        "voltage": 12.36,
        "current": 5.16
    },
    "orientation": {
        "pitch": 0.32,
        "roll": -2.46,
        "yaw": 326.2,
        "pitch_rate": 0.93,
        "roll_rate": -0.15,
        "yaw_rate": -0.45
    },
    "airframe": "Quadcopter"
}