{
    "call_sign": "Disaster_City_Survey",
    "position": {
        "latitude": 30.574536235059195,
        "longitude": -96.3526358666571,
        "altitude": 126.56
    },
    "velocity": {
        "airspeed": 16.24,
        "ground_speed": 16.24,
        "verticle_speed": 0.47,
        "units_speed": "MetersPerSecond",
        "track": 222.22
    },
    "time_measured": "2025-01-27T12:02:20Z",
    "battery": {
        "voltage": 12.28,
        "current": 3.68
    },
    "orientation": {
        "pitch": -3.78,
        "roll": -2.67,
        "yaw": 203.85,
        "pitch_rate": 0.88,
        "roll_rate": -0.8,
        "yaw_rate": 0.7
    },
    "airframe": "Quadcopter"
}