{
    "call_sign": "Disaster_City_Survey",
    "position": {
        "latitude": 30.574299912336873,
        "longitude": -96.35252620746978,
        "altitude": 128.11
    },
    "velocity": {
        "airspeed": 21.25,
        "ground_speed": 21.25,
        "verticle_speed": 0.61,
        "units_speed": "MetersPerSecond",
        "track": 114.67
    },
    "time_measured": "2025-01-27T12:03:00Z",
    "battery": {
        "voltage": 12.31,
        "current": 7.28
    },
    "orientation": {
        "pitch": 0.45,
        "roll": -4.41,
        "yaw": 123.95,
        "pitch_rate": -0.64,
        "roll_rate": -0.46,
        "yaw_rate": -0.79
    },
    "airframe": "Quadcopter"
}