{
    "call_sign": "Disaster_City_Survey",
    "position": {
        "latitude": 30.57749019468516,
        "longitude": -96.34946097993785,
        "altitude": 128.51
    },
    "velocity": {
        "airspeed": 23.12,
        "ground_speed": 23.12,
        "verticle_speed": 0.02,
        "units_speed": "MetersPerSecond",
        "track": 227.67
    },
    "time_measured": "2025-01-27T12:08:17Z",
    "battery": {
        "voltage": 11.74,
        "current": 5.61
    },
    "orientation": {
        "pitch": 0.63,
        "roll": 0.49,
        "yaw": 324.82,
        "pitch_rate": -0.67,
        "roll_rate": 0.52,
        "yaw_rate": 0.53
    },
    "airframe": "Quadcopter"
}