{
    "call_sign": "Disaster_City_Survey",
    "position": {
        "latitude": 30.57606812791287,
        "longitude": -96.35171503424353,
        "altitude": 128.18
    },
    "velocity": {
        "airspeed": 15.92,
        "ground_speed": 15.92,
        "verticle_speed": -0.0,
        "units_speed": "MetersPerSecond",
        "track": 337.44
    },
    "time_measured": "2025-01-27T12:00:58Z",
    "battery": {
        "voltage": 11.42,
        "current": 6.29
    },
    "orientation": {
        "pitch": -3.43,
        "roll": -3.46,
        "yaw": 11.82,
        "pitch_rate": 0.63,
        "roll_rate": -0.98,
        "yaw_rate": -0.75
    },
    "airframe": "Quadcopter"
}