{
    "call_sign": "Disaster_City_Survey",
    "position": {
        "latitude": 30.576469643040568,
        "longitude": -96.34912024818743,
        "altitude": 128.25
    },
    "velocity": {
        "airspeed": 15.49,
        "ground_speed": 15.49,
        "verticle_speed": 0.53,
        "units_speed": "MetersPerSecond",
        "track": 126.4
    },
    "time_measured": "2025-01-27T12:04:16Z",
    "battery": {
        "voltage": 11.75,
        "current": 3.82
    },
    "orientation": {
        "pitch": 2.17,
        "roll": -4.81,
        "yaw": 311.11,
        "pitch_rate": 0.61,
        "roll_rate": -0.49,
        "yaw_rate": 0.23
    },
    "airframe": "Quadcopter"
}