{
    "call_sign": "Disaster_City_Survey",
    "position": {
        "latitude": 30.575619699722807,
        "longitude": -96.35210844042754,
        "altitude": 127.3
    },
    "velocity": {
        "airspeed": 21.98,
        "ground_speed": 21.98,
        "verticle_speed": 0.56,
        "units_speed": "MetersPerSecond",
        "track": 117.89
    },
    "time_measured": "2025-01-27T12:01:03Z",
    "battery": {
        "voltage": 11.91,
        "current": 5.25
    },
    "orientation": {
        "pitch": 4.2,
        "roll": 3.76,
        "yaw": 12.41,
        "pitch_rate": -0.42,
        "roll_rate": -0.38,
        "yaw_rate": 0.02
    },
    "airframe": "Quadcopter"
}