{
    "call_sign": "Disaster_City_Survey",
    "position": {
        "latitude": 30.57378319479844,
        "longitude": -96.35201117830643,
        "altitude": 128.59
    },
    "velocity": {
        "airspeed": 16.58,
        "ground_speed": 16.58,
        "verticle_speed": 0.44,
        "units_speed": "MetersPerSecond",
        "track": 94.97
    },
    "time_measured": "2025-01-27T12:04:33Z",
    "battery": {
        "voltage": 12.51,
        "current": 9.18
    },
    "orientation": {
        "pitch": -2.89,
        "roll": 3.04,
        "yaw": 23.13,
        "pitch_rate": 0.65,
        "roll_rate": -0.72,
        "yaw_rate": -0.6
    },
    "airframe": "Quadcopter"
}