{
    "call_sign": "Disaster_City_Survey",
    "position": {
        "latitude": 30.577131164875972,
        "longitude": -96.34763167776934,
        "altitude": 130.24
    },
    "velocity": {
        "airspeed": 21.49,
        "ground_speed": 21.49,
        "verticle_speed": -0.09,
        "units_speed": "MetersPerSecond",
        "track": 157.31
    },
    "time_measured": "2025-01-27T12:05:25Z",
    "battery": {
        "voltage": 11.23,
        "current": 4.27
    },
    "orientation": {
        "pitch": -3.37,
        "roll": -0.39,
        "yaw": 126.23,
        "pitch_rate": 0.61,
        "roll_rate": -0.65,
        "yaw_rate": -0.9
    },
    "airframe": "Quadcopter"
}