{
    "call_sign": "Disaster_City_Survey",
    "position": {
        "latitude": 30.57551112283951,
        "longitude": -96.35229877497427,
        "altitude": 126.43
    },
    "velocity": {
        "airspeed": 15.79,
        "ground_speed": 15.79,
        "verticle_speed": 0.27,
        "units_speed": "MetersPerSecond",
        "track": 133.38
    },
    "time_measured": "2025-01-27T12:01:07Z",
    "battery": {
        "voltage": 12.17,
        "current": 8.43
    },
    "orientation": {
        "pitch": -2.7,
        "roll": -3.15,
        "yaw": 46.67,
        "pitch_rate": -0.12,
        "roll_rate": 0.01,
        "yaw_rate": -0.19
    },
    "airframe": "Quadcopter"
}