{
    "call_sign": "Disaster_City_Survey",
    "position": {
        "latitude": 30.574549399282375,
        "longitude": -96.35078061897377,
        "altitude": 126.83
    },
    "velocity": {
        "airspeed": 20.71,
        "ground_speed": 20.71,
        "verticle_speed": 0.58,
        "units_speed": "MetersPerSecond",
        "track": 227.7
    },
    "time_measured": "2025-01-27T12:04:58Z",
    "battery": {
        "voltage": 12.17,
        "current": 6.05
    },
    "orientation": {
        "pitch": -4.87,
        "roll": 2.27,
        "yaw": 294.74,
        "pitch_rate": 0.19,
        "roll_rate": -0.88,
        "yaw_rate": -0.72
    },
    "airframe": "Quadcopter"
}