{
    "call_sign": "Disaster_City_Survey",
    "position": {
        "latitude": 30.57736456608794,
        "longitude": -96.35036027111171,
        "altitude": 126.49
    },
    "velocity": {
        "airspeed": 22.35,
        "ground_speed": 22.35,
        "verticle_speed": 0.07,
        "units_speed": "MetersPerSecond",
        "track": 354.16
    },
    "time_measured": "2025-01-27T12:00:40Z",
    "battery": {
        "voltage": 12.2,
        "current": 4.54
    },
    "orientation": {
        "pitch": 4.31,
        "roll": -3.92,
        "yaw": 72.68,
        "pitch_rate": 0.42,
        "roll_rate": 0.95,
        "yaw_rate": 0.64
    },
    "airframe": "Quadcopter"
}