{
    "call_sign": "Disaster_City_Survey",
    "position": {
        "latitude": 30.57363409563879,
        "longitude": -96.35195282238332,
        "altitude": 127.09
    },
    "velocity": {
        "airspeed": 15.37,
        "ground_speed": 15.37,
        "verticle_speed": 0.2,
        "units_speed": "MetersPerSecond",
        "track": 255.15
    },
    "time_measured": "2025-01-27T12:05:07Z",
    "battery": {
        "voltage": 11.82,
        "current": 2.83
    },
    "orientation": {
        "pitch": 2.88,
        "roll": 0.32,
        "yaw": 303.42,
        "pitch_rate": 0.5,
        "roll_rate": 0.63,
        "yaw_rate": 0.98
    },
    "airframe": "Quadcopter"
}