{
    "call_sign": "Disaster_City_Survey",
    "position": {
        "latitude": 30.576080301716065,
        "longitude": -96.35092075706109,
        "altitude": 128.68
    },
    "velocity": {
        "airspeed": 18.3,
        "ground_speed": 18.3,
        "verticle_speed": -0.36,
        "units_speed": "MetersPerSecond",
        "track": 0.2
    },
    "time_measured": "2025-01-27T12:08:12Z",
    "battery": {
        "voltage": 12.52,
        "current": 5.11
    },
    "orientation": {
        "pitch": 1.54,
        "roll": -1.17,
        "yaw": 277.03,
        "pitch_rate": -0.15,
        "roll_rate": -0.41,
        "yaw_rate": 0.77
    },
    "airframe": "Quadcopter"
}