{
    "call_sign": "Disaster_City_Survey",
    "position": {
        "latitude": 30.575366451988565,
        "longitude": -96.35178797752144,
        "altitude": 129.71
    },
    "velocity": {
        "airspeed": 16.23,
        "ground_speed": 16.23,
        "verticle_speed": 0.23,
        "units_speed": "MetersPerSecond",
        "track": 192.3
    },
    "time_measured": "2025-01-27T12:08:11Z",
    "battery": {
        "voltage": 12.26,
        "current": 4.78
    },
    "orientation": {
        "pitch": 2.11,
        "roll": 3.57,
        "yaw": 130.29,
        "pitch_rate": -0.49,
        "roll_rate": -0.98,
        "yaw_rate": 0.04
    },
    "airframe": "Quadcopter"
}