{
    "call_sign": "Disaster_City_Survey",
    "position": {
        "latitude": 30.576017849319708,
        "longitude": -96.35204745928867,
        "altitude": 128.91
    },
    "velocity": {
        "airspeed": 23.23,
        "ground_speed": 23.23,
        "verticle_speed": -0.53,
        "units_speed": "MetersPerSecond",
        "track": 185.6
    },
    "time_measured": "2025-01-27T12:06:43Z",
    "battery": {
        "voltage": 11.98,
        "current": 4.62
    },
    "orientation": {
        "pitch": 1.21,
        "roll": -2.23,
        "yaw": 184.76,
        "pitch_rate": -0.29,
        "roll_rate": 0.19,
        "yaw_rate": 0.65
    },
    "airframe": "Quadcopter"
}