{
    "call_sign": "Disaster_City_Survey",
    "position": {
        "latitude": 30.577543628568694,
        "longitude": -96.34865576828685,
        "altitude": 127.85
    },
    "velocity": {
        "airspeed": 24.21,
        "ground_speed": 24.21,
        "verticle_speed": 0.74,
        "units_speed": "MetersPerSecond",
        "track": 186.02
    },
    "time_measured": "2025-01-27T12:02:54Z",
    "battery": {
        "voltage": 11.71,
        "current": 7.73
    },
    "orientation": {
        "pitch": 4.07,
        "roll": 3.89,
        "yaw": 278.47,
        "pitch_rate": 0.97,
        "roll_rate": -0.09,
        "yaw_rate": -0.32
    },
    "airframe": "Quadcopter"
}