{
    "call_sign": "Disaster_City_Survey",
    "position": {
        "latitude": 30.576604089405155,
        "longitude": -96.34770911086297,
        "altitude": 128.55
    },
    "velocity": {
        "airspeed": 20.48,
        "ground_speed": 20.48,
        "verticle_speed": 0.92,
        "units_speed": "MetersPerSecond",
        "track": 239.14
    },
    "time_measured": "2025-01-27T12:05:54Z",
    "battery": {
        "voltage": 11.18,
        "current": 5.06
    },
    "orientation": {
        "pitch": 1.78,
        "roll": 0.04,
        "yaw": 289.86,
        "pitch_rate": -0.44,
        "roll_rate": -0.32,
        "yaw_rate": 0.6
    },
    "airframe": "Quadcopter"
}