{
    "call_sign": "Disaster_City_Survey",
    "position": {
        "latitude": 30.57746019899075,
        "longitude": -96.34977631078594,
        "altitude": 127.52
    },
    "velocity": {
        "airspeed": 18.46,
        "ground_speed": 18.46,
        "verticle_speed": 0.24,
        "units_speed": "MetersPerSecond",
        "track": 47.37
    },
    "time_measured": "2025-01-27T12:01:23Z",
    "battery": {
        "voltage": 11.89,
        "current": 9.88
    },
    "orientation": {
        "pitch": -1.18,
        "roll": -3.34,
        "yaw": 338.97,
        "pitch_rate": 0.49,
        "roll_rate": -0.08,
        "yaw_rate": 0.52
    },
    "airframe": "Quadcopter"
}