{
    "call_sign": "Disaster_City_Survey",
    "position": {
        "latitude": 30.57624087110961,
        "longitude": -96.3509983846744,
        "altitude": 129.77
    },
    "velocity": {
        "airspeed": 16.22,
        "ground_speed": 16.22,
        "verticle_speed": -0.94,
        "units_speed": "MetersPerSecond",
        "track": 359.77
    },
    "time_measured": "2025-01-27T12:07:52Z",
    "battery": {
        "voltage": 12.4,
        "current": 7.49
    },
    "orientation": {
        "pitch": -3.58,
        "roll": -0.3,
        "yaw": 308.08,
        "pitch_rate": -0.81,
        "roll_rate": -0.15,
        "yaw_rate": 0.83
    },
    "airframe": "Quadcopter"
}