{
    "call_sign": "Disaster_City_Survey",
    "position": {
        "latitude": 30.574003838415887,
        "longitude": -96.35237744263786,
        "altitude": 127.79
    },
    "velocity": {
        "airspeed": 15.55,
        "ground_speed": 15.55,
        "verticle_speed": 0.92,
        "units_speed": "MetersPerSecond",
        "track": 179.78
    },
    "time_measured": "2025-01-27T12:03:45Z",
    "battery": {
        "voltage": 11.14,
        "current": 7.1
    },
    "orientation": {
        "pitch": -4.09,
        "roll": 4.63,
        "yaw": 158.21,
        "pitch_rate": -0.64,
        "roll_rate": 0.22,
        "yaw_rate": 0.94
    },
    "airframe": "Quadcopter"
}