{
    "call_sign": "Disaster_City_Survey",
    "position": {
        "latitude": 30.573857238989213,
        "longitude": -96.35215587950194,
        "altitude": 127.58
    },
    "velocity": {
        "airspeed": 15.68,
        "ground_speed": 15.68,
        "verticle_speed": -0.09,
        "units_speed": "MetersPerSecond",
        "track": 101.97
    },
    "time_measured": "2025-01-27T12:04:20Z",
    "battery": {
        "voltage": 11.27,
        "current": 6.36
    },
    "orientation": {
        "pitch": -1.21,
        "roll": -2.56,
        "yaw": 222.61,
        "pitch_rate": -0.09,
        "roll_rate": -0.12,
        "yaw_rate": -0.58
    },
    "airframe": "Quadcopter"
}