{
    "call_sign": "Disaster_City_Survey",
    "position": {
        "latitude": 30.5738897234399,
        "longitude": -96.352344789682,
        "altitude": 128.46
    },
    "velocity": {
        "airspeed": 22.17,
        "ground_speed": 22.17,
        "verticle_speed": -0.49,
        "units_speed": "MetersPerSecond",
        "track": 9.58
    },
    "time_measured": "2025-01-27T12:03:50Z",
    "battery": {
        "voltage": 11.5,
        "current": 4.43
    },
    "orientation": {
        "pitch": -2.51,
        "roll": 4.04,
        "yaw": 142.66,
        "pitch_rate": -0.43,
        "roll_rate": -0.92,
        "yaw_rate": -0.53
    },
    "airframe": "Quadcopter"
}