{
    "call_sign": "Disaster_City_Survey",
    "position": {
        "latitude": 30.577328483700704,
        "longitude": -96.350219113245,
        "altitude": 128.29
    },
    "velocity": {
        "airspeed": 18.09,
        "ground_speed": 18.09,
        "verticle_speed": -0.92,
        "units_speed": "MetersPerSecond",
        "track": 342.81
    },
    "time_measured": "2025-01-27T12:07:08Z",
    "battery": {
        "voltage": 12.07,
        "current": 7.94
    },
    "orientation": {
        "pitch": -3.86,
        "roll": 1.15,
        "yaw": 13.68,
        "pitch_rate": 0.92,
        "roll_rate": -0.49,
        "yaw_rate": 0.01
    },
    "airframe": "Quadcopter"
}