{
    "call_sign": "Disaster_City_Survey",
    "position": {
        "latitude": 30.57501777907201,
        "longitude": -96.35244925027676,
        "altitude": 126.75
    },
    "velocity": {
        "airspeed": 15.89,
        "ground_speed": 15.89,
        "verticle_speed": -0.49,
        "units_speed": "MetersPerSecond",
        "track": 60.79
    },
    "time_measured": "2025-01-27T12:01:46Z",
    "battery": {
        "voltage": 11.98,
        "current": 5.24
    },
    "orientation": {
        "pitch": 2.85,
        "roll": -2.13,
        "yaw": 62.45,
        "pitch_rate": -0.62,
        "roll_rate": -0.36,
        "yaw_rate": -0.02
    },
    "airframe": "Quadcopter"
}