{
    "call_sign": "Disaster_City_Survey",
    "position": {
        "latitude": 30.5769022514626,
        "longitude": -96.35102363799442,
        "altitude": 128.96
    },
    "velocity": {
        "airspeed": 19.84,
        "ground_speed": 19.84,
        "verticle_speed": -0.17,
        "units_speed": "MetersPerSecond",
        "track": 209.11
    },
    "time_measured": "2025-01-27T12:00:13Z",
    "battery": {
        "voltage": 11.59,
        "current": 7.55
    },
    "orientation": {
        "pitch": 0.87,
        "roll": 2.9,
        "yaw": 102.26,
        "pitch_rate": -0.93,
        "roll_rate": 0.34,
        "yaw_rate": -0.35
    },
    "airframe": "Quadcopter"
}