{
    "call_sign": "Disaster_City_Survey",
    "position": {
        "latitude": 30.573831060681208,
        "longitude": -96.35208767812274,
        "altitude": 128.03
    },
    "velocity": {
        "airspeed": 15.12,
        "ground_speed": 15.12,
        "verticle_speed": 0.65,
        "units_speed": "MetersPerSecond",
        "track": 312.58
    },
    "time_measured": "2025-01-27T12:10:40Z",
    "battery": {
        "voltage": 12.46,
        "current": 7.33
    },
    "orientation": {
        "pitch": 4.24,
        "roll": -3.69,
        "yaw": 119.92,
        "pitch_rate": 0.69,
        "roll_rate": 0.64,
        "yaw_rate": 0.49
    },
    "airframe": "Quadcopter"
}