{
    "call_sign": "Disaster_City_Survey",
    "position": {
        "latitude": 30.577358494828026,
        "longitude": -96.34826513570897,
        "altitude": 127.56
    },
    "velocity": {
        "airspeed": 23.65,
        "ground_speed": 23.65,
        "verticle_speed": -0.94,
        "units_speed": "MetersPerSecond",
        "track": 168.3
    },
    "time_measured": "2025-01-27T12:10:17Z",
    "battery": {
        "voltage": 11.53,
        "current": 9.6
    },
    "orientation": {
        "pitch": 3.19,
        "roll": -0.83,
        "yaw": 24.7,
        "pitch_rate": -0.79,
        "roll_rate": 0.2,
        "yaw_rate": -0.38
    },
    "airframe": "Quadcopter"
}