{
    "call_sign": "Disaster_City_Survey",
    "position": {
        "latitude": 30.576644480001537,
        "longitude": -96.34785243062376,
        "altitude": 126.32
    },
    "velocity": {
        "airspeed": 15.89,
        "ground_speed": 15.89,
        "verticle_speed": 0.96,
        "units_speed": "MetersPerSecond",
        "track": 293.45
    },
    "time_measured": "2025-01-27T12:12:08Z",
    "battery": {
        "voltage": 11.19,
        "current": 7.59
    },
    "orientation": {
        "pitch": 2.96,
        "roll": 0.35,
        "yaw": 152.2,
        "pitch_rate": 0.08,
        "roll_rate": -0.08,
        "yaw_rate": -0.97
    },
    "airframe": "Quadcopter"
}