{
    "call_sign": "Disaster_City_Survey",
    "position": {
        "latitude": 30.577523752316562,
        "longitude": -96.34913886202267,
        "altitude": 127.79
    },
    "velocity": {
        "airspeed": 21.01,
        "ground_speed": 21.01,
        "verticle_speed": 0.24,
        "units_speed": "MetersPerSecond",
        "track": 341.57
    },
    "time_measured": "2025-01-27T12:08:28Z",
    "battery": {
        "voltage": 11.29,
        "current": 7.12
    },
    "orientation": {
        "pitch": 3.7,
        "roll": -0.14,
        "yaw": 65.57,
        "pitch_rate": 0.99,
        "roll_rate": -0.96,
        "yaw_rate": 0.7
    },
    "airframe": "Quadcopter"
}