{
    "call_sign": "Disaster_City_Survey",
    "position": {
        "latitude": 30.576733611454884,
        "longitude": -96.34787329953714,
        "altitude": 126.47
    },
    "velocity": {
        "airspeed": 19.34,
        "ground_speed": 19.34,
        "verticle_speed": 0.82,
        "units_speed": "MetersPerSecond",
        "track": 148.25
    },
    "time_measured": "2025-01-27T12:12:04Z",
    "battery": {
        "voltage": 12.51,
        "current": 7.55
    },
    "orientation": {
        "pitch": -3.44,
        "roll": 0.16,
        "yaw": 282.35,
        "pitch_rate": -0.82,
        "roll_rate": -0.43,
        "yaw_rate": -0.08
    },
    "airframe": "Quadcopter"
}