{
    "call_sign": "Disaster_City_Survey",
    "position": {
        "latitude": 30.577000513794946,
        "longitude": -96.34740636760051,
        "altitude": 127.91
    },
    "velocity": {
        "airspeed": 15.51,
        "ground_speed": 15.51,
        "verticle_speed": 0.72,
        "units_speed": "MetersPerSecond",
        "track": 217.24
    },
    "time_measured": "2025-01-27T12:12:19Z",
    "battery": {
        "voltage": 11.39,
        "current": 6.78
    },
    "orientation": {
        "pitch": -0.86,
        "roll": 3.13,
        "yaw": 172.21,
        "pitch_rate": 0.79,
        "roll_rate": -0.89,
        "yaw_rate": 0.52
    },
    "airframe": "Quadcopter"
}