{
    "call_sign": "Disaster_City_Survey",
    "position": {
        "latitude": 30.577101580315063,
        "longitude": -96.3478109729155,
        "altitude": 127.47
    },
    "velocity": {
        "airspeed": 23.58,
        "ground_speed": 23.58,
        "verticle_speed": -0.04,
        "units_speed": "MetersPerSecond",
        "track": 299.29
    },
    "time_measured": "2025-01-27T12:11:35Z",
    "battery": {
        "voltage": 12.29,
        "current": 9.72
    },
    "orientation": {
        "pitch": -4.43,
        "roll": -1.32,
        "yaw": 287.99,
        "pitch_rate": -0.04,
        "roll_rate": -0.47,
        "yaw_rate": -0.6
    },
    "airframe": "Quadcopter"
}