{
    "call_sign": "Disaster_City_Survey",
    "position": {
        "latitude": 30.5770793604599,
        "longitude": -96.3478878283936,
        "altitude": 127.1
    },
    "velocity": {
        "airspeed": 15.83,
        "ground_speed": 15.83,
        "verticle_speed": -0.46,
        "units_speed": "MetersPerSecond",
        "track": 326.24
    },
    "time_measured": "2025-01-27T12:04:49Z",
    "battery": {
        "voltage": 12.0,
        "current": 5.96
    },
    "orientation": {
        "pitch": -1.16,
        "roll": 2.42,
        "yaw": 332.48,
        "pitch_rate": -0.73,
        "roll_rate": -0.45,
        "yaw_rate": -0.94
    },
    "airframe": "Quadcopter"
}