{
    "call_sign": "Disaster_City_Survey",
    "position": {
        "latitude": 30.57728360209264,
        "longitude": -96.34820767292352,
        "altitude": 128.58
    },
    "velocity": {
        "airspeed": 23.09,
        "ground_speed": 23.09,
        "verticle_speed": -0.62,
        "units_speed": "MetersPerSecond",
        "track": 45.35
    },
    "time_measured": "2025-01-27T12:10:21Z",
    "battery": {
        "voltage": 12.46,
        "current": 6.41
    },
    "orientation": {
        "pitch": -0.64,
        "roll": -3.25,
        "yaw": 150.64,
        "pitch_rate": -0.65,
        "roll_rate": 0.99,
        "yaw_rate": 0.25
    },
    "airframe": "Quadcopter"
}