{
    "call_sign": "Disaster_City_Survey",
    "position": {
        "latitude": 30.573644864863965,
        "longitude": -96.35197518936147,
        "altitude": 127.74
    },
    "velocity": {
        "airspeed": 17.25,
        "ground_speed": 17.25,
        "verticle_speed": -0.38,
        "units_speed": "MetersPerSecond",
        "track": 244.83
    },
    "time_measured": "2025-01-27T12:05:04Z",
    "battery": {
        "voltage": 11.13,
        "current": 6.49
    },
    "orientation": {
        "pitch": 1.26,
        "roll": 3.02,
        "yaw": 199.17,
        "pitch_rate": -0.97,
        "roll_rate": -0.81,
        "yaw_rate": 0.05
    },
    "airframe": "Quadcopter"
}