{
    "call_sign": "Disaster_City_Survey",
    "position": {
        "latitude": 30.577007426831077,
        "longitude": -96.34770231334072,
        "altitude": 128.81
    },
    "velocity": {
        "airspeed": 24.57,
        "ground_speed": 24.57,
        "verticle_speed": -0.46,
        "units_speed": "MetersPerSecond",
        "track": 160.81
    },
    "time_measured": "2025-01-27T12:05:22Z",
    "battery": {
        "voltage": 11.21,
        "current": 6.11
    },
    "orientation": {
        "pitch": -1.51,
        "roll": 4.27,
        "yaw": 339.04,
        "pitch_rate": -0.03,
        "roll_rate": -0.4,
        "yaw_rate": 0.15
    },
    "airframe": "Quadcopter"
}