{
    "call_sign": "Disaster_City_Survey",
    "position": {
        "latitude": 30.57742352262689,
        "longitude": -96.34837795681442,
        "altitude": 127.78
    },
    "velocity": {
        "airspeed": 15.33,
        "ground_speed": 15.33,
        "verticle_speed": -0.82,
        "units_speed": "MetersPerSecond",
        "track": 279.15
    },
    "time_measured": "2025-01-27T12:09:47Z",
    "battery": {
        "voltage": 11.44,
        "current": 4.1
    },
    "orientation": {
        "pitch": 3.31,
        "roll": 0.42,
        "yaw": 167.19,
        "pitch_rate": 0.86,
        "roll_rate": -0.7,
        "yaw_rate": -0.19
    },
    "airframe": "Quadcopter"
}