{
    "call_sign": "Disaster_City_Survey",
    "position": {
        "latitude": 30.574775284049714,
        "longitude": -96.35245873298388,
        "altitude": 126.65
    },
    "velocity": {
        "airspeed": 24.07,
        "ground_speed": 24.07,
        "verticle_speed": -0.68,
        "units_speed": "MetersPerSecond",
        "track": 123.56
    },
    "time_measured": "2025-01-27T12:08:03Z",
    "battery": {
        "voltage": 12.22,
        "current": 5.35
    },
    "orientation": {
        "pitch": -2.4,
        "roll": 3.37,
        "yaw": 42.16,
        "pitch_rate": -0.44,
        "roll_rate": 0.95,
        "yaw_rate": 0.31
    },
    "airframe": "Quadcopter"
}