{
    "call_sign": "Disaster_City_Survey",
    "position": {
        "latitude": 30.57378298139612,
        "longitude": -96.35220024939639,
        "altitude": 127.01
    },
    "velocity": {
        "airspeed": 22.83,
        "ground_speed": 22.83,
        "verticle_speed": -0.61,
        "units_speed": "MetersPerSecond",
        "track": 210.07
    },
    "time_measured": "2025-01-27T12:10:41Z",
    "battery": {
        "voltage": 12.33,
        "current": 7.26
    },
    "orientation": {
        "pitch": 1.91,
        "roll": -2.34,
        "yaw": 324.65,
        "pitch_rate": -0.25,
        "roll_rate": -0.29,
        "yaw_rate": 0.16
    },
    "airframe": "Quadcopter"
}