{
    "call_sign": "Disaster_City_Survey",
    "position": {
        "latitude": 30.574148887388493,
        "longitude": -96.35256053761977,
        "altitude": 127.39
    },
    "velocity": {
        "airspeed": 20.31,
        "ground_speed": 20.31,
        "verticle_speed": 0.49,
        "units_speed": "MetersPerSecond",
        "track": 358.85
    },
    "time_measured": "2025-01-27T12:09:15Z",
    "battery": {
        "voltage": 12.43,
        "current": 7.83
    },
    "orientation": {
        "pitch": 0.78,
        "roll": -1.29,
        "yaw": 306.15,
        "pitch_rate": -0.57,
        "roll_rate": -0.78,
        "yaw_rate": -0.48
    },
    "airframe": "Quadcopter"
}