{
    "call_sign": "Disaster_City_Survey",
    "position": {
        "latitude": 30.57383330561097,
        "longitude": -96.35207343840646,
        "altitude": 127.26
    },
    "velocity": {
        "airspeed": 16.76,
        "ground_speed": 16.76,
        "verticle_speed": 0.83,
        "units_speed": "MetersPerSecond",
        "track": 38.64
    },
    "time_measured": "2025-01-27T12:10:50Z",
    "battery": {
        "voltage": 11.59,
        "current": 2.39
    },
    "orientation": {
        "pitch": -2.23,
        "roll": -2.23,
        "yaw": 52.14,
        "pitch_rate": -0.53,
        "roll_rate": 0.4,
        "yaw_rate": 0.44
    },
    "airframe": "Quadcopter"
}