{
    "call_sign": "Disaster_City_Survey",
    "position": {
        "latitude": 30.57650913582335,
        "longitude": -96.35166756292593,
        "altitude": -0.18
    },
    "velocity": {
        "airspeed": 23.87,
        "ground_speed": 23.87,
        "verticle_speed": 0.75,
        "units_speed": "MetersPerSecond",
        "track": 99.16
    },
    "time_measured": "2025-01-27T12:12:24Z",
    "battery": {
        "voltage": 12.36,
        "current": 6.62
    },
    "orientation": {
        "pitch": -0.8,
        "roll": -1.35,
        "yaw": 142.07,
        "pitch_rate": 0.17,
        "roll_rate": -0.54,
        "yaw_rate": -0.73
    },
    "airframe": "Quadcopter"
}