{
    "call_sign": "Disaster_City_Survey",
    "position": {
        "latitude": 30.574119243985365,
        "longitude": -96.35235554253714,
        "altitude": 128.02
    },
    "velocity": {
        "airspeed": 22.99,
        "ground_speed": 22.99,
        "verticle_speed": -0.79,
        "units_speed": "MetersPerSecond",
        "track": 184.58
    },
    "time_measured": "2025-01-27T12:09:28Z",
    "battery": {
        "voltage": 11.53,
        "current": 9.73
    },
    "orientation": {
        "pitch": 4.09,
        "roll": -4.27,
        "yaw": 22.18,
        "pitch_rate": -0.12,
        "roll_rate": -0.52,
        "yaw_rate": -0.67
    },
    "airframe": "Quadcopter"
}