{
    "call_sign": "Disaster_City_Survey",
    "position": {
        "latitude": 30.577237959272203,
        "longitude": -96.34796191026373,
        "altitude": 128.42
    },
    "velocity": {
        "airspeed": 20.79,
        "ground_speed": 20.79,
        "verticle_speed": -0.42,
        "units_speed": "MetersPerSecond",
        "track": 333.7
    },
    "time_measured": "2025-01-27T12:10:56Z",
    "battery": {
        "voltage": 12.5,
        "current": 4.33
    },
    "orientation": {
        "pitch": 1.41,
        "roll": -3.85,
        "yaw": 297.66,
        "pitch_rate": -0.57,
        "roll_rate": 0.65,
        "yaw_rate": 0.8
    },
    "airframe": "Quadcopter"
}