{
    "call_sign": "Disaster_City_Survey",
    "position": {
        "latitude": 30.574415497293995,
        "longitude": -96.35273076481242,
        "altitude": 126.3
    },
    "velocity": {
        "airspeed": 15.75,
        "ground_speed": 15.75,
        "verticle_speed": 0.38,
        "units_speed": "MetersPerSecond",
        "track": 18.74
    },
    "time_measured": "2025-01-27T12:02:24Z",
    "battery": {
        "voltage": 12.39,
        "current": 7.46
    },
    "orientation": {
        "pitch": -4.63,
        "roll": -4.8,
        "yaw": 288.41,
        "pitch_rate": 0.08,
        "roll_rate": -0.37,
        "yaw_rate": 0.77
    },
    "airframe": "Quadcopter"
}