{
    "call_sign": "Disaster_City_Survey",
    "position": {
        "latitude": 30.574241400135364,
        "longitude": -96.35263858196093,
        "altitude": 126.84
    },
    "velocity": {
        "airspeed": 24.7,
        "ground_speed": 24.7,
        "verticle_speed": 0.81,
        "units_speed": "MetersPerSecond",
        "track": 357.65
    },
    "time_measured": "2025-01-27T12:08:49Z",
    "battery": {
        "voltage": 12.55,
        "current": 4.74
    },
    "orientation": {
        "pitch": 2.51,
        "roll": 0.75,
        "yaw": 171.49,
        "pitch_rate": 0.3,
        "roll_rate": -0.65,
        "yaw_rate": 0.14
    },
    "airframe": "Quadcopter"
}