{
    "call_sign": "Disaster_City_Survey",
    "position": {
        "latitude": 30.574309148885987,
        "longitude": -96.35275047826391,
        "altitude": 128.09
    },
    "velocity": {
        "airspeed": 19.71,
        "ground_speed": 19.71,
        "verticle_speed": -0.35,
        "units_speed": "MetersPerSecond",
        "track": 307.44
    },
    "time_measured": "2025-01-27T12:08:48Z",
    "battery": {
        "voltage": 11.33,
        "current": 6.13
    },
    "orientation": {
        "pitch": 4.61,
        "roll": 2.19,
        "yaw": 277.4,
        "pitch_rate": -0.65,
        "roll_rate": -0.81,
        "yaw_rate": 0.28
    },
    "airframe": "Quadcopter"
}