{
    "call_sign": "Disaster_City_Survey",
    "position": {
        "latitude": 30.575534122589918,
        "longitude": -96.34953612032955,
        "altitude": 128.18
    },
    "velocity": {
        "airspeed": 16.17,
        "ground_speed": 16.17,
        "verticle_speed": 0.65,
        "units_speed": "MetersPerSecond",
        "track": 252.24
    },
    "time_measured": "2025-01-27T12:11:53Z",
    "battery": {
        "voltage": 11.54,
        "current": 7.83
    },
    "orientation": {
        "pitch": -3.93,
        "roll": -3.82,
        "yaw": 270.21,
        "pitch_rate": -0.52,
        "roll_rate": 0.35,
        "yaw_rate": 0.09
    },
    "airframe": "Quadcopter"
}