{
    "call_sign": "Disaster_City_Survey",
    "position": {
        "latitude": 30.57699155232331,
        "longitude": -96.34761800202348,
        "altitude": 127.22
    },
    "velocity": {
        "airspeed": 21.39,
        "ground_speed": 21.39,
        "verticle_speed": -0.97,
        "units_speed": "MetersPerSecond",
        "track": 43.2
    },
    "time_measured": "2025-01-27T12:11:48Z",
    "battery": {
        "voltage": 11.12,
        "current": 2.59
    },
    "orientation": {
        "pitch": -4.59,
        "roll": -1.15,
        "yaw": 169.87,
        "pitch_rate": -0.65,
        "roll_rate": -0.06,
        "yaw_rate": 0.15
    },
    "airframe": "Quadcopter"
}