{
    "call_sign": "Disaster_City_Survey",
    "position": {
        "latitude": 30.57734559378812,
        "longitude": -96.34963188280962,
        "altitude": 127.06
    },
    "velocity": {
        "airspeed": 21.47,
        "ground_speed": 21.47,
        "verticle_speed": -0.49,
        "units_speed": "MetersPerSecond",
        "track": 18.98
    },
    "time_measured": "2025-01-27T12:01:35Z",
    "battery": {
        "voltage": 12.36,
        "current": 9.9
    },
    "orientation": {
        "pitch": -1.99,
        "roll": 0.83,
        "yaw": 14.26,
        "pitch_rate": 0.14,
        "roll_rate": -0.09,
        "yaw_rate": 0.71
    },
    "airframe": "Quadcopter"
}