{
    "call_sign": "Disaster_City_Survey",
    "position": {
        "latitude": 30.577578351278984,
        "longitude": -96.3487160681497,
        "altitude": 128.69
    },
    "velocity": {
        "airspeed": 21.52,
        "ground_speed": 21.52,
        "verticle_speed": -0.59,
        "units_speed": "MetersPerSecond",
        "track": 93.98
    },
    "time_measured": "2025-01-27T12:09:03Z",
    "battery": {
        "voltage": 11.7,
        "current": 9.72
    },
    "orientation": {
        "pitch": 0.38,
        "roll": -1.24,
        "yaw": 19.69,
        "pitch_rate": 0.41,
        "roll_rate": -0.25,
        "yaw_rate": 0.14
    },
    "airframe": "Quadcopter"
}