{
    "call_sign": "Disaster_City_Survey",
    "position": {
        "latitude": 30.57507452032809,
        "longitude": -96.35162380972208,
        "altitude": 127.34
    },
    "velocity": {
        "airspeed": 15.06,
        "ground_speed": 15.06,
        "verticle_speed": 0.96,
        "units_speed": "MetersPerSecond",
        "track": 287.52
    },
    "time_measured": "2025-01-27T12:09:13Z",
    "battery": {
        "voltage": 11.67,
        "current": 5.62
    },
    "orientation": {
        "pitch": 0.18,
        "roll": 2.55,
        "yaw": 69.03,
        "pitch_rate": -0.44,
        "roll_rate": -0.85,
        "yaw_rate": -0.24
    },
    "airframe": "Quadcopter"
}