{
    "call_sign": "Disaster_City_Survey",
    "position": {
        "latitude": 30.574126178240363,
        "longitude": -96.35257236553558,
        "altitude": 129.6
    },
    "velocity": {
        "airspeed": 21.8,
        "ground_speed": 21.8,
        "verticle_speed": -0.83,
        "units_speed": "MetersPerSecond",
        "track": 147.06
    },
    "time_measured": "2025-01-27T12:09:25Z",
    "battery": {
        "voltage": 12.25,
        "current": 2.62
    },
    "orientation": {
        "pitch": -2.72,
        "roll": -3.86,
        "yaw": 55.81,
        "pitch_rate": -0.08,
        "roll_rate": -0.57,
        "yaw_rate": -0.77
    },
    "airframe": "Quadcopter"
}