{
    "call_sign": "Disaster_City_Survey",
    "position": {
        "latitude": 30.576247611950734,
        "longitude": -96.35177841338003,
        "altitude": 127.82
    },
    "velocity": {
        "airspeed": 17.4,
        "ground_speed": 17.4,
        "verticle_speed": 0.74,
        "units_speed": "MetersPerSecond",
        "track": 152.16
    },
    "time_measured": "2025-01-27T12:06:36Z",
    "battery": {
        "voltage": 11.54,
        "current": 3.45
    },
    "orientation": {
        "pitch": -0.09,
        "roll": 0.26,
        "yaw": 13.96,
        "pitch_rate": 0.81,
        "roll_rate": 0.11,
        "yaw_rate": -0.28
    },
    "airframe": "Quadcopter"
}