{
    "call_sign": "Disaster_City_Survey",
    "position": {
        "latitude": 30.573950106088642,
        "longitude": -96.35232082340461,
        "altitude": 128.5
    },
    "velocity": {
        "airspeed": 24.35,
        "ground_speed": 24.35,
        "verticle_speed": 0.78,
        "units_speed": "MetersPerSecond",
        "track": 263.8
    },
    "time_measured": "2025-01-27T12:10:01Z",
    "battery": {
        "voltage": 12.02,
        "current": 5.0
    },
    "orientation": {
        "pitch": 3.15,
        "roll": 2.75,
        "yaw": 204.38,
        "pitch_rate": 0.36,
        "roll_rate": -0.59,
        "yaw_rate": 0.18
    },
    "airframe": "Quadcopter"
}