{
    "call_sign": "Disaster_City_Survey",
    "position": {
        "latitude": 30.577689793642605,
        "longitude": -96.35099855829819,
        "altitude": 129.52
    },
    "velocity": {
        "airspeed": 17.09,
        "ground_speed": 17.09,
        "verticle_speed": 0.32,
        "units_speed": "MetersPerSecond",
        "track": 193.8
    },
    "time_measured": "2025-01-27T12:00:06Z",
    "battery": {
        "voltage": 12.32,
        "current": 5.66
    },
    "orientation": {
        "pitch": -0.04,
        "roll": -1.3,
        "yaw": 192.19,
        "pitch_rate": 0.9,
        "roll_rate": -0.3,
        "yaw_rate": -0.6
    },
    "airframe": "Quadcopter"
}