{
    "call_sign": "Disaster_City_Survey",
    "position": {
        "latitude": 30.57754935906933,
        "longitude": -96.34914978489458,
        "altitude": 127.19
    },
    "velocity": {
        "airspeed": 17.52,
        "ground_speed": 17.52,
        "verticle_speed": -0.59,
        "units_speed": "MetersPerSecond",
        "track": 39.69
    },
    "time_measured": "2025-01-27T12:08:24Z",
    "battery": {
        "voltage": 11.56,
        "current": 2.84
    },
    "orientation": {
        "pitch": -2.99,
        "roll": -0.07,
        "yaw": 68.48,
        "pitch_rate": -0.39,
        "roll_rate": 0.06,
        "yaw_rate": -0.88
    },
    "airframe": "Quadcopter"
}