{
    "call_sign": "Disaster_City_Survey",
    "position": {
        "latitude": 30.57788115216432,
        "longitude": -96.35095704426182,
        "altitude": 128.07
    },
    "velocity": {
        "airspeed": 16.45,
        "ground_speed": 16.45,
        "verticle_speed": -0.77,
        "units_speed": "MetersPerSecond",
        "track": 63.41
    },
    "time_measured": "2025-01-27T12:06:15Z",
    "battery": {
        "voltage": 11.46,
        "current": 7.63
    },
    "orientation": {
        "pitch": -3.42,
        "roll": 4.37,
        "yaw": 53.12,
        "pitch_rate": 0.7,
        "roll_rate": 0.65,
        "yaw_rate": 0.78
    },
    "airframe": "Quadcopter"
}