{
    "call_sign": "Disaster_City_Survey",
    "position": {
        "latitude": 30.5773705214258,
        "longitude": -96.34817428324855,
        "altitude": 127.3
    },
    "velocity": {
        "airspeed": 15.88,
        "ground_speed": 15.88,
        "verticle_speed": 0.48,
        "units_speed": "MetersPerSecond",
        "track": 6.13
    },
    "time_measured": "2025-01-27T12:04:06Z",
    "battery": {
        "voltage": 11.64,
        "current": 6.45
    },
    "orientation": {
        "pitch": -3.76,
        "roll": -3.0,
        "yaw": 61.07,
        "pitch_rate": -0.15,
        "roll_rate": 0.79,
        "yaw_rate": 0.32
    },
    "airframe": "Quadcopter"
}