{
    "call_sign": "RELLIS_North_to_Hearne",
    "position": {
        "latitude": 30.885694696680595,
        "longitude": -96.62178194277023,
        "altitude": 123.11
    },
    "velocity": {
        "airspeed": 15.88,
        "ground_speed": 15.88,
        "verticle_speed": -0.25,
        "units_speed": "MetersPerSecond",
        "track": 98.95
    },
    "time_measured": "2025-01-27T12:13:14Z",
    "battery": {
        "voltage": 11.74,
        "current": 5.05
    },
    "orientation": {
        "pitch": -4.35,
        "roll": 2.2,
        "yaw": 225.54,
        "pitch_rate": 0.56,
        "roll_rate": 0.45,
        "yaw_rate": -0.27
    },
    "airframe": "Quadcopter"
}