{
    "call_sign": "RELLIS_West_to_Caldwell",
    "position": {
        "latitude": 30.57659574365491,
        "longitude": -96.63811954641918,
        "altitude": 321.41
    },
    "velocity": {
        "airspeed": 19.68,
        "ground_speed": 19.68,
        "verticle_speed": -0.63,
        "units_speed": "MetersPerSecond",
        "track": 302.88
    },
    "time_measured": "2025-01-27T12:30:38Z",
    "battery": {
        "voltage": 11.35,
        "current": 5.57
    },
    "orientation": {
        "pitch": -0.19,
        "roll": -2.08,
        "yaw": 358.55,
        "pitch_rate": 0.87,
        "roll_rate": 0.61,
        "yaw_rate": 0.21
    },
    "airframe": "Quadcopter"
}