{
    "call_sign": "RELLIS_South_to_AggieFarm",
    "position": {
        "latitude": 30.64097235389843,
        "longitude": -96.48281186205995,
        "altitude": 100.1
    },
    "velocity": {
        "airspeed": 19.06,
        "ground_speed": 19.06,
        "verticle_speed": 0.93,
        "units_speed": "MetersPerSecond",
        "track": 103.78
    },
    "time_measured": "2025-01-27T12:23:37Z",
    "battery": {
        "voltage": 12.35,
        "current": 9.24
    },
    "orientation": {
        "pitch": -1.99,
        "roll": 0.68,
        "yaw": 3.54,
        "pitch_rate": 0.47,
        "roll_rate": -0.89,
        "yaw_rate": 0.58
    },
    "airframe": "Quadcopter"
}