{
    "call_sign": "RELLIS_West_to_Caldwell",
    "position": {
        "latitude": 30.63800536757959,
        "longitude": -96.47022424352012,
        "altitude": 123.58
    },
    "velocity": {
        "airspeed": 16.04,
        "ground_speed": 16.04,
        "verticle_speed": 0.68,
        "units_speed": "MetersPerSecond",
        "track": 0.01
    },
    "time_measured": "2025-01-27T12:33:55Z",
    "battery": {
        "voltage": 11.24,
        "current": 8.51
    },
    "orientation": {
        "pitch": -1.44,
        "roll": -2.47,
        "yaw": 88.56,
        "pitch_rate": -0.8,
        "roll_rate": -0.27,
        "yaw_rate": -0.84
    },
    "airframe": "Quadcopter"
}