{
    "call_sign": "RELLIS_West_to_Caldwell",
    "position": {
        "latitude": 30.570226149715396,
        "longitude": -96.63543308793943,
        "altitude": 321.57
    },
    "velocity": {
        "airspeed": 20.39,
        "ground_speed": 20.39,
        "verticle_speed": 0.74,
        "units_speed": "MetersPerSecond",
        "track": 18.31
    },
    "time_measured": "2025-01-27T12:33:04Z",
    "battery": {
        "voltage": 11.14,
        "current": 5.1
    },
    "orientation": {
        "pitch": 4.87,
        "roll": -0.06,
        "yaw": 191.75,
        "pitch_rate": -0.04,
        "roll_rate": -0.96,
        "yaw_rate": 0.52
    },
    "airframe": "Quadcopter"
}