{
    "call_sign": "RELLIS_West_to_Caldwell",
    "position": {
        "latitude": 30.63621120784724,
        "longitude": -96.4702568133414,
        "altitude": 126.56
    },
    "velocity": {
        "airspeed": 23.98,
        "ground_speed": 23.98,
        "verticle_speed": 0.63,
        "units_speed": "MetersPerSecond",
        "track": 242.57
    },
    "time_measured": "2025-01-27T12:33:53Z",
    "battery": {
        "voltage": 12.05,
        "current": 6.69
    },
    "orientation": {
        "pitch": -0.22,
        "roll": 4.32,
        "yaw": 317.31,
        "pitch_rate": -0.32,
        "roll_rate": 0.76,
        "yaw_rate": -0.32
    },
    "airframe": "Quadcopter"
}