{
    "call_sign": "RELLIS_North_to_Hearne",
    "position": {
        "latitude": 30.837274569815822,
        "longitude": -96.62520041553724,
        "altitude": 163.58
    },
    "velocity": {
        "airspeed": 15.29,
        "ground_speed": 15.29,
        "verticle_speed": 0.11,
        "units_speed": "MetersPerSecond",
        "track": 166.15
    },
    "time_measured": "2025-01-27T12:11:12Z",
    "battery": {
        "voltage": 11.17,
        "current": 5.0
    },
    "orientation": {
        "pitch": 0.65,
        "roll": -1.03,
        "yaw": 32.41,
        "pitch_rate": 0.17,
        "roll_rate": 0.09,
        "yaw_rate": 0.42
    },
    "airframe": "Quadcopter"
}