{
    "call_sign": "RELLIS_North_to_Hearne",
    "position": {
        "latitude": 30.861294216730585,
        "longitude": -96.62239888631267,
        "altitude": 124.11
    },
    "velocity": {
        "airspeed": 23.65,
        "ground_speed": 23.65,
        "verticle_speed": 0.5,
        "units_speed": "MetersPerSecond",
        "track": 59.15
    },
    "time_measured": "2025-01-27T12:11:08Z",
    "battery": {
        "voltage": 11.42,
        "current": 9.13
    },
    "orientation": {
        "pitch": -2.46,
        "roll": 0.83,
        "yaw": 327.71,
        "pitch_rate": -0.84,
        "roll_rate": -0.47,
        "yaw_rate": -0.85
    },
    "airframe": "Quadcopter"
}