{
    "call_sign": "RELLIS_West_to_Caldwell",
    "position": {
        "latitude": 30.5792619788665,
        "longitude": -96.6195169234664,
        "altitude": 322.86
    },
    "velocity": {
        "airspeed": 15.18,
        "ground_speed": 15.18,
        "verticle_speed": -0.7,
        "units_speed": "MetersPerSecond",
        "track": 83.16
    },
    "time_measured": "2025-01-27T12:33:08Z",
    "battery": {
        "voltage": 12.24,
        "current": 4.89
    },
    "orientation": {
        "pitch": -1.79,
        "roll": -2.63,
        "yaw": 109.91,
        "pitch_rate": 0.32,
        "roll_rate": 0.54,
        "yaw_rate": 0.25
    },
    "airframe": "Quadcopter"
}