{
    "call_sign": "RELLIS_South_to_AggieFarm",
    "position": {
        "latitude": 30.63591418265041,
        "longitude": -96.48868908676465,
        "altitude": 78.01
    },
    "velocity": {
        "airspeed": 23.54,
        "ground_speed": 23.54,
        "verticle_speed": -0.29,
        "units_speed": "MetersPerSecond",
        "track": 58.66
    },
    "time_measured": "2025-01-27T12:21:48Z",
    "battery": {
        "voltage": 11.55,
        "current": 5.47
    },
    "orientation": {
        "pitch": -0.37,
        "roll": -3.44,
        "yaw": 300.35,
        "pitch_rate": 0.12,
        "roll_rate": -0.42,
        "yaw_rate": -0.98
    },
    "airframe": "Quadcopter"
}