{
    "call_sign": "RELLIS_West_to_Caldwell",
    "position": {
        "latitude": 30.62413789283845,
        "longitude": -96.49560602951505,
        "altitude": 207.98
    },
    "velocity": {
        "airspeed": 21.75,
        "ground_speed": 21.75,
        "verticle_speed": -0.85,
        "units_speed": "MetersPerSecond",
        "track": 333.42
    },
    "time_measured": "2025-01-27T12:33:38Z",
    "battery": {
        "voltage": 11.19,
        "current": 7.45
    },
    "orientation": {
        "pitch": 0.21,
        "roll": -0.46,
        "yaw": 259.31,
        "pitch_rate": 0.11,
        "roll_rate": 0.42,
        "yaw_rate": 0.03
    },
    "airframe": "Quadcopter"
}