{
    "call_sign": "RELLIS_South_to_AggieFarm",
    "position": {
        "latitude": 30.519840442627647,
        "longitude": -96.4059026913438,
        "altitude": 320.28
    },
    "velocity": {
        "airspeed": 19.86,
        "ground_speed": 19.86,
        "verticle_speed": -0.57,
        "units_speed": "MetersPerSecond",
        "track": 170.96
    },
    "time_measured": "2025-01-27T12:20:50Z",
    "battery": {
        "voltage": 12.07,
        "current": 8.54
    },
    "orientation": {
        "pitch": 2.57,
        "roll": -3.41,
        "yaw": 321.11,
        "pitch_rate": 0.34,
        "roll_rate": 0.86,
        "yaw_rate": -0.0
    },
    "airframe": "Quadcopter"
}