{
    "call_sign": "RELLIS_West_to_Caldwell",
    "position": {
        "latitude": 30.57025079011678,
        "longitude": -96.63533386235338,
        "altitude": 322.14
    },
    "velocity": {
        "airspeed": 20.23,
        "ground_speed": 20.23,
        "verticle_speed": 0.75,
        "units_speed": "MetersPerSecond",
        "track": 213.65
    },
    "time_measured": "2025-01-27T12:33:05Z",
    "battery": {
        "voltage": 12.12,
        "current": 5.46
    },
    "orientation": {
        "pitch": 2.25,
        "roll": 2.76,
        "yaw": 356.48,
        "pitch_rate": 0.09,
        "roll_rate": 0.25,
        "yaw_rate": -0.74
    },
    "airframe": "Quadcopter"
}