{
    "call_sign": "RELLIS_North_to_Hearne",
    "position": {
        "latitude": 30.62576530353477,
        "longitude": -96.471898627972,
        "altitude": 115.28
    },
    "velocity": {
        "airspeed": 16.45,
        "ground_speed": 16.45,
        "verticle_speed": 0.9,
        "units_speed": "MetersPerSecond",
        "track": 17.8
    },
    "time_measured": "2025-01-27T12:14:04Z",
    "battery": {
        "voltage": 11.5,
        "current": 2.72
    },
    "orientation": {
        "pitch": -2.13,
        "roll": -0.11,
        "yaw": 68.97,
        "pitch_rate": -0.09,
        "roll_rate": -0.44,
        "yaw_rate": 0.33
    },
    "airframe": "Quadcopter"
}