{
    "call_sign": "RELLIS_West_to_Caldwell",
    "position": {
        "latitude": 30.62116112298684,
        "longitude": -96.53664256162772,
        "altitude": 261.42
    },
    "velocity": {
        "airspeed": 15.48,
        "ground_speed": 15.48,
        "verticle_speed": 0.11,
        "units_speed": "MetersPerSecond",
        "track": 55.67
    },
    "time_measured": "2025-01-27T12:30:14Z",
    "battery": {
        "voltage": 12.1,
        "current": 2.3
    },
    "orientation": {
        "pitch": -1.22,
        "roll": 1.92,
        "yaw": 122.72,
        "pitch_rate": 0.27,
        "roll_rate": -0.38,
        "yaw_rate": -0.97
    },
    "airframe": "Quadcopter"
}