{
    "call_sign": "RELLIS_West_to_Caldwell",
    "position": {
        "latitude": 30.588439858813498,
        "longitude": -96.60318436439782,
        "altitude": 321.43
    },
    "velocity": {
        "airspeed": 19.55,
        "ground_speed": 19.55,
        "verticle_speed": 0.66,
        "units_speed": "MetersPerSecond",
        "track": 160.25
    },
    "time_measured": "2025-01-27T12:33:12Z",
    "battery": {
        "voltage": 12.5,
        "current": 9.65
    },
    "orientation": {
        "pitch": -0.98,
        "roll": 4.29,
        "yaw": 353.26,
        "pitch_rate": -0.61,
        "roll_rate": -0.29,
        "yaw_rate": -0.45
    },
    "airframe": "Quadcopter"
}