{
    "call_sign": "RELLIS_West_to_Caldwell",
    "position": {
        "latitude": 30.630512247223653,
        "longitude": -96.47036336070704,
        "altitude": 138.87
    },
    "velocity": {
        "airspeed": 23.75,
        "ground_speed": 23.75,
        "verticle_speed": 0.15,
        "units_speed": "MetersPerSecond",
        "track": 163.2
    },
    "time_measured": "2025-01-27T12:33:49Z",
    "battery": {
        "voltage": 12.3,
        "current": 6.4
    },
    "orientation": {
        "pitch": -0.31,
        "roll": -0.65,
        "yaw": 55.98,
        "pitch_rate": -0.91,
        "roll_rate": 0.07,
        "yaw_rate": -0.48
    },
    "airframe": "Quadcopter"
}