{
    "call_sign": "RELLIS_North_to_Hearne",
    "position": {
        "latitude": 30.656843454125436,
        "longitude": -96.47337844917136,
        "altitude": 199.18
    },
    "velocity": {
        "airspeed": 17.53,
        "ground_speed": 17.53,
        "verticle_speed": -0.48,
        "units_speed": "MetersPerSecond",
        "track": 249.99
    },
    "time_measured": "2025-01-27T12:12:20Z",
    "battery": {
        "voltage": 11.15,
        "current": 4.48
    },
    "orientation": {
        "pitch": 1.38,
        "roll": -1.57,
        "yaw": 155.94,
        "pitch_rate": -0.45,
        "roll_rate": -0.28,
        "yaw_rate": 0.34
    },
    "airframe": "Quadcopter"
}