{
    "call_sign": "RELLIS_North_to_Hearne",
    "position": {
        "latitude": 30.699994764147906,
        "longitude": -96.54664071809523,
        "altitude": 322.57
    },
    "velocity": {
        "airspeed": 19.62,
        "ground_speed": 19.62,
        "verticle_speed": 0.79,
        "units_speed": "MetersPerSecond",
        "track": 353.28
    },
    "time_measured": "2025-01-27T12:11:30Z",
    "battery": {
        "voltage": 11.71,
        "current": 3.27
    },
    "orientation": {
        "pitch": 4.42,
        "roll": -3.02,
        "yaw": 56.47,
        "pitch_rate": 0.22,
        "roll_rate": 0.76,
        "yaw_rate": -0.1
    },
    "airframe": "Quadcopter"
}