{
    "call_sign": "RELLIS_South_to_AggieFarm",
    "position": {
        "latitude": 30.618302269766463,
        "longitude": -96.48548704391288,
        "altitude": 259.55
    },
    "velocity": {
        "airspeed": 22.55,
        "ground_speed": 22.55,
        "verticle_speed": -0.55,
        "units_speed": "MetersPerSecond",
        "track": 55.27
    },
    "time_measured": "2025-01-27T12:21:24Z",
    "battery": {
        "voltage": 11.39,
        "current": 5.13
    },
    "orientation": {
        "pitch": 4.25,
        "roll": 1.99,
        "yaw": 299.08,
        "pitch_rate": -0.84,
        "roll_rate": 0.91,
        "yaw_rate": 0.64
    },
    "airframe": "Quadcopter"
}