{
    "call_sign": "RELLIS_South_to_AggieFarm",
    "position": {
        "latitude": 30.57438747874031,
        "longitude": -96.4781871585755,
        "altitude": 319.35
    },
    "velocity": {
        "airspeed": 24.68,
        "ground_speed": 24.68,
        "verticle_speed": 0.96,
        "units_speed": "MetersPerSecond",
        "track": 207.26
    },
    "time_measured": "2025-01-27T12:22:23Z",
    "battery": {
        "voltage": 11.43,
        "current": 5.59
    },
    "orientation": {
        "pitch": 2.5,
        "roll": 4.35,
        "yaw": 299.12,
        "pitch_rate": -0.85,
        "roll_rate": -0.61,
        "yaw_rate": -0.08
    },
    "airframe": "Quadcopter"
}