{
    "call_sign": "RELLIS_South_to_AggieFarm",
    "position": {
        "latitude": 30.567569511085075,
        "longitude": -96.46975997642112,
        "altitude": 321.36
    },
    "velocity": {
        "airspeed": 23.86,
        "ground_speed": 23.86,
        "verticle_speed": 0.49,
        "units_speed": "MetersPerSecond",
        "track": 209.04
    },
    "time_measured": "2025-01-27T12:20:30Z",
    "battery": {
        "voltage": 11.46,
        "current": 5.58
    },
    "orientation": {
        "pitch": -0.9,
        "roll": 3.83,
        "yaw": 181.31,
        "pitch_rate": 0.56,
        "roll_rate": -0.71,
        "yaw_rate": -0.23
    },
    "airframe": "Quadcopter"
}