{
    "call_sign": "RELLIS_South_to_AggieFarm",
    "position": {
        "latitude": 30.588073714110703,
        "longitude": -96.49539953927601,
        "altitude": 320.99
    },
    "velocity": {
        "airspeed": 18.39,
        "ground_speed": 18.39,
        "verticle_speed": 0.11,
        "units_speed": "MetersPerSecond",
        "track": 12.09
    },
    "time_measured": "2025-01-27T12:20:26Z",
    "battery": {
        "voltage": 11.14,
        "current": 5.69
    },
    "orientation": {
        "pitch": 0.96,
        "roll": 1.46,
        "yaw": 155.28,
        "pitch_rate": 0.92,
        "roll_rate": -0.87,
        "yaw_rate": 0.96
    },
    "airframe": "Quadcopter"
}