{
    "call_sign": "RELLIS_South_to_AggieFarm",
    "position": {
        "latitude": 30.635948625150842,
        "longitude": -96.47898545494988,
        "altitude": 168.84
    },
    "velocity": {
        "airspeed": 15.87,
        "ground_speed": 15.87,
        "verticle_speed": -0.48,
        "units_speed": "MetersPerSecond",
        "track": 322.43
    },
    "time_measured": "2025-01-27T12:21:32Z",
    "battery": {
        "voltage": 11.37,
        "current": 2.86
    },
    "orientation": {
        "pitch": -3.05,
        "roll": 0.59,
        "yaw": 281.8,
        "pitch_rate": -0.2,
        "roll_rate": 0.46,
        "yaw_rate": 0.4
    },
    "airframe": "Quadcopter"
}