{
    "call_sign": "RELLIS_North_to_Hearne",
    "position": {
        "latitude": 30.702246854005995,
        "longitude": -96.47454351303557,
        "altitude": 322.33
    },
    "velocity": {
        "airspeed": 19.57,
        "ground_speed": 19.57,
        "verticle_speed": -0.35,
        "units_speed": "MetersPerSecond",
        "track": 118.56
    },
    "time_measured": "2025-01-27T12:10:19Z",
    "battery": {
        "voltage": 11.94,
        "current": 9.51
    },
    "orientation": {
        "pitch": 3.31,
        "roll": -0.02,
        "yaw": 213.31,
        "pitch_rate": -0.04,
        "roll_rate": 0.82,
        "yaw_rate": -0.52
    },
    "airframe": "Quadcopter"
}