{
    "call_sign": "RELLIS_North_to_Hearne",
    "position": {
        "latitude": 30.732055096824634,
        "longitude": -96.49943762420091,
        "altitude": 322.71
    },
    "velocity": {
        "airspeed": 24.35,
        "ground_speed": 24.35,
        "verticle_speed": 0.49,
        "units_speed": "MetersPerSecond",
        "track": 190.89
    },
    "time_measured": "2025-01-27T12:10:32Z",
    "battery": {
        "voltage": 11.64,
        "current": 6.16
    },
    "orientation": {
        "pitch": -4.23,
        "roll": 0.18,
        "yaw": 200.2,
        "pitch_rate": -0.2,
        "roll_rate": 0.31,
        "yaw_rate": 0.82
    },
    "airframe": "Quadcopter"
}