{
    "call_sign": "RELLIS_North_to_Hearne",
    "position": {
        "latitude": 30.632512717781538,
        "longitude": -96.49671323612979,
        "altitude": 198.53
    },
    "velocity": {
        "airspeed": 15.06,
        "ground_speed": 15.06,
        "verticle_speed": 0.8,
        "units_speed": "MetersPerSecond",
        "track": 90.61
    },
    "time_measured": "2025-01-27T12:13:53Z",
    "battery": {
        "voltage": 11.72,
        "current": 9.32
    },
    "orientation": {
        "pitch": 0.51,
        "roll": -3.18,
        "yaw": 145.7,
        "pitch_rate": 0.71,
        "roll_rate": 0.92,
        "yaw_rate": 0.37
    },
    "airframe": "Quadcopter"
}