{
    "call_sign": "RELLIS_North_to_Hearne",
    "position": {
        "latitude": 30.640083883528423,
        "longitude": -96.48884572846353,
        "altitude": 123.61
    },
    "velocity": {
        "airspeed": 15.54,
        "ground_speed": 15.54,
        "verticle_speed": -0.4,
        "units_speed": "MetersPerSecond",
        "track": 80.59
    },
    "time_measured": "2025-01-27T12:10:04Z",
    "battery": {
        "voltage": 11.34,
        "current": 6.4
    },
    "orientation": {
        "pitch": -0.23,
        "roll": -0.84,
        "yaw": 165.64,
        "pitch_rate": 0.79,
        "roll_rate": -0.03,
        "yaw_rate": 0.94
    },
    "airframe": "Quadcopter"
}