{
    "call_sign": "RELLIS_South_to_AggieFarm",
    "position": {
        "latitude": 30.644757733097688,
        "longitude": -96.47614137463734,
        "altitude": 125.52
    },
    "velocity": {
        "airspeed": 22.52,
        "ground_speed": 22.52,
        "verticle_speed": -0.72,
        "units_speed": "MetersPerSecond",
        "track": 131.71
    },
    "time_measured": "2025-01-27T12:21:38Z",
    "battery": {
        "voltage": 12.16,
        "current": 7.47
    },
    "orientation": {
        "pitch": 3.46,
        "roll": -4.85,
        "yaw": 183.52,
        "pitch_rate": -0.12,
        "roll_rate": 0.79,
        "yaw_rate": 0.64
    },
    "airframe": "Quadcopter"
}