{
    "call_sign": "RELLIS_North_to_Hearne",
    "position": {
        "latitude": 30.757962867714745,
        "longitude": -96.59812791005635,
        "altitude": 321.1
    },
    "velocity": {
        "airspeed": 18.7,
        "ground_speed": 18.7,
        "verticle_speed": -0.14,
        "units_speed": "MetersPerSecond",
        "track": 8.23
    },
    "time_measured": "2025-01-27T12:13:29Z",
    "battery": {
        "voltage": 11.9,
        "current": 8.7
    },
    "orientation": {
        "pitch": -4.12,
        "roll": -1.81,
        "yaw": 202.62,
        "pitch_rate": -0.46,
        "roll_rate": 0.98,
        "yaw_rate": 0.14
    },
    "airframe": "Quadcopter"
}