{
    "call_sign": "RELLIS_West_to_Caldwell",
    "position": {
        "latitude": 30.57016699579949,
        "longitude": -96.6353962875205,
        "altitude": 320.56
    },
    "velocity": {
        "airspeed": 24.9,
        "ground_speed": 24.9,
        "verticle_speed": -0.16,
        "units_speed": "MetersPerSecond",
        "track": 204.49
    },
    "time_measured": "2025-01-27T12:30:59Z",
    "battery": {
        "voltage": 11.68,
        "current": 9.62
    },
    "orientation": {
        "pitch": 3.88,
        "roll": -1.14,
        "yaw": 222.92,
        "pitch_rate": -0.04,
        "roll_rate": -0.1,
        "yaw_rate": -0.2
    },
    "airframe": "Quadcopter"
}