{
    "call_sign": "RELLIS_South_to_AggieFarm",
    "position": {
        "latitude": 30.521744347366344,
        "longitude": -96.41157762161295,
        "altitude": 318.78
    },
    "velocity": {
        "airspeed": 15.67,
        "ground_speed": 15.67,
        "verticle_speed": 0.0,
        "units_speed": "MetersPerSecond",
        "track": 185.95
    },
    "time_measured": "2025-01-27T12:22:43Z",
    "battery": {
        "voltage": 11.35,
        "current": 2.1
    },
    "orientation": {
        "pitch": -0.53,
        "roll": -4.09,
        "yaw": 77.71,
        "pitch_rate": 0.53,
        "roll_rate": 0.58,
        "yaw_rate": -0.28
    },
    "airframe": "Quadcopter"
}