{
    "call_sign": "RELLIS_South_to_AggieFarm",
    "position": {
        "latitude": 30.62775501780772,
        "longitude": -96.49915184691034,
        "altitude": 138.43
    },
    "velocity": {
        "airspeed": 20.12,
        "ground_speed": 20.12,
        "verticle_speed": -0.79,
        "units_speed": "MetersPerSecond",
        "track": 303.51
    },
    "time_measured": "2025-01-27T12:22:04Z",
    "battery": {
        "voltage": 12.32,
        "current": 5.09
    },
    "orientation": {
        "pitch": -3.75,
        "roll": 2.78,
        "yaw": 209.99,
        "pitch_rate": -0.58,
        "roll_rate": 0.71,
        "yaw_rate": -0.36
    },
    "airframe": "Quadcopter"
}