{
    "call_sign": "RELLIS_South_to_AggieFarm",
    "position": {
        "latitude": 30.57381879705573,
        "longitude": -96.45954119985815,
        "altitude": 321.87
    },
    "velocity": {
        "airspeed": 23.7,
        "ground_speed": 23.7,
        "verticle_speed": -0.29,
        "units_speed": "MetersPerSecond",
        "track": 201.63
    },
    "time_measured": "2025-01-27T12:21:10Z",
    "battery": {
        "voltage": 12.44,
        "current": 4.23
    },
    "orientation": {
        "pitch": -3.39,
        "roll": 0.75,
        "yaw": 357.09,
        "pitch_rate": -0.29,
        "roll_rate": 0.2,
        "yaw_rate": -0.77
    },
    "airframe": "Quadcopter"
}