{
    "call_sign": "RELLIS_North_to_Hearne",
    "position": {
        "latitude": 30.633422577153873,
        "longitude": -96.50040264233584,
        "altitude": 199.96
    },
    "velocity": {
        "airspeed": 20.2,
        "ground_speed": 20.2,
        "verticle_speed": -0.11,
        "units_speed": "MetersPerSecond",
        "track": 339.55
    },
    "time_measured": "2025-01-27T12:13:52Z",
    "battery": {
        "voltage": 11.99,
        "current": 6.29
    },
    "orientation": {
        "pitch": -2.5,
        "roll": -3.52,
        "yaw": 164.67,
        "pitch_rate": -0.28,
        "roll_rate": 0.6,
        "yaw_rate": -0.19
    },
    "airframe": "Quadcopter"
}