{
    "call_sign": "RELLIS_South_to_AggieFarm",
    "position": {
        "latitude": 30.555824801991996,
        "longitude": -96.44370464559209,
        "altitude": 319.26
    },
    "velocity": {
        "airspeed": 23.33,
        "ground_speed": 23.33,
        "verticle_speed": 0.18,
        "units_speed": "MetersPerSecond",
        "track": 148.48
    },
    "time_measured": "2025-01-27T12:22:58Z",
    "battery": {
        "voltage": 12.27,
        "current": 3.65
    },
    "orientation": {
        "pitch": 2.02,
        "roll": -0.49,
        "yaw": 25.91,
        "pitch_rate": 0.8,
        "roll_rate": -0.75,
        "yaw_rate": 0.52
    },
    "airframe": "Quadcopter"
}