{
    "call_sign": "RELLIS_West_to_Caldwell",
    "position": {
        "latitude": 30.604733579101033,
        "longitude": -96.57151204151786,
        "altitude": 322.84
    },
    "velocity": {
        "airspeed": 15.51,
        "ground_speed": 15.51,
        "verticle_speed": -0.91,
        "units_speed": "MetersPerSecond",
        "track": 121.92
    },
    "time_measured": "2025-01-27T12:30:24Z",
    "battery": {
        "voltage": 12.37,
        "current": 7.43
    },
    "orientation": {
        "pitch": -3.82,
        "roll": -1.91,
        "yaw": 139.69,
        "pitch_rate": 0.4,
        "roll_rate": -0.91,
        "yaw_rate": 0.27
    },
    "airframe": "Quadcopter"
}