{
    "call_sign": "RELLIS_North_to_Hearne",
    "position": {
        "latitude": 30.72271030641557,
        "longitude": -96.47931751744434,
        "altitude": 321.82
    },
    "velocity": {
        "airspeed": 15.84,
        "ground_speed": 15.84,
        "verticle_speed": 0.53,
        "units_speed": "MetersPerSecond",
        "track": 189.88
    },
    "time_measured": "2025-01-27T12:12:37Z",
    "battery": {
        "voltage": 11.11,
        "current": 6.07
    },
    "orientation": {
        "pitch": -1.11,
        "roll": -2.49,
        "yaw": 259.82,
        "pitch_rate": 0.03,
        "roll_rate": -0.59,
        "yaw_rate": 0.84
    },
    "airframe": "Quadcopter"
}