{
    "call_sign": "RELLIS_South_to_AggieFarm",
    "position": {
        "latitude": 30.641019476337906,
        "longitude": -96.48277902789671,
        "altitude": 99.3
    },
    "velocity": {
        "airspeed": 15.89,
        "ground_speed": 15.89,
        "verticle_speed": 0.63,
        "units_speed": "MetersPerSecond",
        "track": 103.16
    },
    "time_measured": "2025-01-27T12:21:42Z",
    "battery": {
        "voltage": 12.21,
        "current": 4.02
    },
    "orientation": {
        "pitch": -2.92,
        "roll": -0.89,
        "yaw": 75.39,
        "pitch_rate": -0.68,
        "roll_rate": -0.75,
        "yaw_rate": -0.67
    },
    "airframe": "Quadcopter"
}