{
    "call_sign": "RELLIS_West_to_Caldwell",
    "position": {
        "latitude": 30.582062255828646,
        "longitude": -96.61419955129438,
        "altitude": 322.5
    },
    "velocity": {
        "airspeed": 20.34,
        "ground_speed": 20.34,
        "verticle_speed": 0.7,
        "units_speed": "MetersPerSecond",
        "track": 162.51
    },
    "time_measured": "2025-01-27T12:33:09Z",
    "battery": {
        "voltage": 11.77,
        "current": 6.4
    },
    "orientation": {
        "pitch": 0.56,
        "roll": 3.07,
        "yaw": 184.58,
        "pitch_rate": -0.23,
        "roll_rate": 0.68,
        "yaw_rate": -0.7
    },
    "airframe": "Quadcopter"
}