{
    "call_sign": "RELLIS_North_to_Hearne",
    "position": {
        "latitude": 30.886034223425558,
        "longitude": -96.61411253353977,
        "altitude": 169.99
    },
    "velocity": {
        "airspeed": 18.03,
        "ground_speed": 18.03,
        "verticle_speed": 0.89,
        "units_speed": "MetersPerSecond",
        "track": 257.05
    },
    "time_measured": "2025-01-27T12:13:09Z",
    "battery": {
        "voltage": 11.2,
        "current": 4.5
    },
    "orientation": {
        "pitch": 4.24,
        "roll": -4.16,
        "yaw": 44.02,
        "pitch_rate": -0.29,
        "roll_rate": 0.05,
        "yaw_rate": -0.67
    },
    "airframe": "Quadcopter"
}