{
    "call_sign": "RELLIS_North_to_Hearne",
    "position": {
        "latitude": 30.709384761857756,
        "longitude": -96.55772101783502,
        "altitude": 322.42
    },
    "velocity": {
        "airspeed": 22.71,
        "ground_speed": 22.71,
        "verticle_speed": -0.87,
        "units_speed": "MetersPerSecond",
        "track": 8.64
    },
    "time_measured": "2025-01-27T12:11:27Z",
    "battery": {
        "voltage": 12.15,
        "current": 7.68
    },
    "orientation": {
        "pitch": 1.73,
        "roll": -3.75,
        "yaw": 221.18,
        "pitch_rate": -0.09,
        "roll_rate": 0.96,
        "yaw_rate": -0.5
    },
    "airframe": "Quadcopter"
}