{
    "call_sign": "RELLIS_North_to_Hearne",
    "position": {
        "latitude": 30.689686900447768,
        "longitude": -96.53825308476665,
        "altitude": 305.59
    },
    "velocity": {
        "airspeed": 24.35,
        "ground_speed": 24.35,
        "verticle_speed": -0.61,
        "units_speed": "MetersPerSecond",
        "track": 258.05
    },
    "time_measured": "2025-01-27T12:11:31Z",
    "battery": {
        "voltage": 12.47,
        "current": 7.6
    },
    "orientation": {
        "pitch": 3.73,
        "roll": 2.58,
        "yaw": 319.96,
        "pitch_rate": 0.34,
        "roll_rate": 0.88,
        "yaw_rate": -0.88
    },
    "airframe": "Quadcopter"
}