{
    "call_sign": "RELLIS_West_to_Caldwell",
    "position": {
        "latitude": 30.63405787245555,
        "longitude": -96.51321983253595,
        "altitude": 181.42
    },
    "velocity": {
        "airspeed": 22.75,
        "ground_speed": 22.75,
        "verticle_speed": -0.94,
        "units_speed": "MetersPerSecond",
        "track": 288.68
    },
    "time_measured": "2025-01-27T12:30:08Z",
    "battery": {
        "voltage": 12.31,
        "current": 2.17
    },
    "orientation": {
        "pitch": 2.95,
        "roll": 2.81,
        "yaw": 129.74,
        "pitch_rate": -0.57,
        "roll_rate": 0.69,
        "yaw_rate": 0.47
    },
    "airframe": "Quadcopter"
}