{
    "call_sign": "RELLIS_South_to_AggieFarm",
    "position": {
        "latitude": 30.63420380364071,
        "longitude": -96.4907459460499,
        "altitude": 123.04
    },
    "velocity": {
        "airspeed": 21.3,
        "ground_speed": 21.3,
        "verticle_speed": 0.3,
        "units_speed": "MetersPerSecond",
        "track": 179.65
    },
    "time_measured": "2025-01-27T12:21:58Z",
    "battery": {
        "voltage": 11.89,
        "current": 7.71
    },
    "orientation": {
        "pitch": -1.63,
        "roll": 1.79,
        "yaw": 65.62,
        "pitch_rate": 0.87,
        "roll_rate": 0.89,
        "yaw_rate": 0.58
    },
    "airframe": "Quadcopter"
}